Id,Area,ORIG_FID,POINT_X,POINT_Y
0,23618.5566567,0,4.57999993371,52.4716637677
0,23618.5566567,0,4.58583411938,52.4711091574
0,23618.5566567,0,4.59083448933,52.472777258
0,23618.5566567,0,4.59694462499,52.4730545771
0,23618.5566567,0,4.60111050356,52.4708313466
0,23618.5566567,0,4.59805552406,52.4677797312
0,23618.5566567,0,4.59388903259,52.465835478
0,23618.5566567,0,4.58944408189,52.4638903013
0,23618.5566567,0,4.58527846842,52.4619456521
0,23618.5566567,0,4.58111116897,52.4600009638
0,23618.5566567,0,4.57694421106,52.4580516047
0,23618.5566567,0,4.57388871447,52.4552780815
0,23618.5566567,0,4.57083300396,52.4522257811
0,23618.5566567,0,4.56805613071,52.4491651846
0,23618.5566567,0,4.5663895178,52.4452761523
0,23618.5566567,0,4.56388910364,52.4416678707
0,23618.5566567,0,4.56166620949,52.4383301363
0,23618.5566567,0,4.55916672123,52.4347217427
0,23618.5566567,0,4.55749968041,52.430832589
0,23618.5566567,0,4.55527750613,52.4272248967
0,23618.5566567,0,4.55361094723,52.4233312434
0,23618.5566567,0,4.55111107118,52.4197226841
0,23618.5566567,0,4.54944437233,52.4158334099
0,23618.5566567,0,4.54777847974,52.4116653143
0,23618.5566567,0,4.54611157065,52.4077759941
0,23618.5566567,0,4.54444416154,52.4038911769
0,23618.5566567,0,4.54277796295,52.3997185746
0,23618.5566567,0,4.5405562479,52.3963848626
0,23618.5566567,0,4.53888938538,52.3922212544
0,23618.5566567,0,4.53638903888,52.3888865705
0,23618.5566567,0,4.53416624643,52.3852785694
0,23618.5566567,0,4.53194366524,52.3816660026
0,23618.5566567,0,4.52944556526,52.3783356638
0,23618.5566567,0,4.52722292667,52.3747275298
0,23618.5566567,0,4.52472187176,52.3713926087
0,23618.5566567,0,4.52249966575,52.3677753383
0,23618.5566567,0,4.52027838873,52.364441239
0,23618.5566567,0,4.51777712269,52.3608319906
0,23618.5566567,0,4.51499995301,52.3577791987
0,23618.5566567,0,4.51249999401,52.3544485265
0,23618.5566567,0,4.51027774652,52.3508310266
0,23618.5566567,0,4.50805583494,52.3475057475
0,23618.5566567,0,4.50555541663,52.3438871881
0,23618.5566567,0,4.5027775754,52.3411083026
0,23618.5566567,0,4.50111083715,52.3369441526
0,23618.5566567,0,4.49861094537,52.3333344813
0,23618.5566567,0,4.49638859076,52.3299999463
0,23618.5566567,0,4.49416551892,52.3263866736
0,23618.5566567,0,4.49166731071,52.3230600596
0,23618.5566567,0,4.48944469267,52.3194421712
0,23618.5566567,0,4.48638893416,52.3166664068
0,23618.5566567,0,4.48361113953,52.3136128884
0,23618.5566567,0,4.48166669346,52.3119424628
0,23618.5566567,0,4.4794449417,52.3083333339
0,23618.5566567,0,4.47694490448,52.3050019954
0,23618.5566567,0,4.47472211909,52.3013927902
0,23618.5566567,0,4.47305583678,52.2975024178
0,23618.5566567,0,4.47083362009,52.2938932152
0,23618.5566567,0,4.46833313383,52.2905570949
0,23618.5566567,0,4.46555550016,52.2874986306
0,23618.5566567,0,4.4630558913,52.2838882032
0,23618.5566567,0,4.46083438906,52.280557509
0,23618.5566567,0,4.45861130462,52.2769480027
0,23618.5566567,0,4.45555582173,52.2736140303
0,23618.5566567,0,4.45388879137,52.2694492076
0,23618.5566567,0,4.45138920914,52.2661127175
0,23618.5566567,0,4.44861061255,52.2630538676
0,23618.5566567,0,4.44611092332,52.2594430818
0,23618.5566567,0,4.44388921508,52.2561120705
0,23618.5566567,0,4.44166698918,52.2525022334
0,23618.5566567,0,4.43861056149,52.2497253321
0,23618.5566567,0,4.43583292984,52.246666171
0,23618.5566567,0,4.43333262699,52.2430550384
0,23618.5566567,0,4.43111080517,52.2397237878
0,23618.5566567,0,4.4288886869,52.236113792
0,23618.5566567,0,4.42583404881,52.2333319356
0,23618.5566567,0,4.42305561757,52.2302770054
0,23618.5566567,0,4.42055566838,52.2266702025
0,23618.5566567,0,4.41777787783,52.2236106198
0,23618.5566567,0,4.41472222022,52.2208330108
0,23618.5566567,0,4.41166656613,52.2177811369
0,23618.5566567,0,4.40888899514,52.2147213436
0,23618.5566567,0,4.40527790637,52.2122198711
0,23618.5566567,0,4.403055119,52.2088835838
0,23618.5566567,0,4.40000014079,52.2058314015
0,23618.5566567,0,4.39638932296,52.2033296559
0,23618.5566567,0,4.3936107226,52.2005527456
0,23618.5566567,0,4.39000015563,52.1980597612
0,23618.5566567,0,4.3869446338,52.1949982077
0,23618.5566567,0,4.38416694012,52.1919468791
0,23618.5566567,0,4.38111080114,52.1891638902
0,23618.5566567,0,4.37750016147,52.1861131118
0,23618.5566567,0,4.37444360627,52.1830513322
0,23618.5566567,0,4.37166683468,52.1802738868
0,23618.5566567,0,4.36861054326,52.1772253492
0,23618.5566567,0,4.36500027742,52.1747226437
0,23618.5566567,0,4.36222345698,52.1716707073
0,23618.5566567,0,4.35861132915,52.1694420998
0,23618.5566567,0,4.35499967346,52.1669481484
0,23618.5566567,0,4.35222198618,52.1638870298
0,23618.5566567,0,4.34861113711,52.1613927912
0,23618.5566567,0,4.3449996059,52.1588894924
0,23618.5566567,0,4.34083413786,52.1569453612
0,23618.5566567,0,4.33722245076,52.1544418278
0,23618.5566567,0,4.33361143959,52.1519472189
0,23618.5566567,0,4.32999948021,52.1497176558
0,23618.5566567,0,4.32638830352,52.1472228291
0,23618.5566567,0,4.3222231001,52.1452780423
0,23618.5566567,0,4.3188891349,52.1427753582
0,23618.5566567,0,4.31527819237,52.1402756701
0,23618.5566567,0,4.3116658808,52.1377803246
0,23618.5566567,0,4.30888908263,52.1358330977
0,23618.5566567,0,4.30527831084,52.1333331036
0,23618.5566567,0,4.3016661692,52.1308374519
0,23618.5566567,0,4.29833267053,52.1283341853
0,23618.5566567,0,4.29472296662,52.1258293373
0,23618.5566567,0,4.29166658008,52.1227789033
0,23618.5566567,0,4.28805472044,52.1205525841
0,23618.5566567,0,4.28472219706,52.1180578826
0,23618.5566567,0,4.28111041865,52.1155526431
0,23618.5566567,0,4.2774999906,52.1130517999
0,23618.5566567,0,4.27388928036,52.1105553709
0,23618.5566567,0,4.27111076081,52.1074967994
0,23618.5566567,0,4.26750003488,52.1050046969
0,23618.5566567,0,4.26388905109,52.1027776326
0,23618.5566567,0,4.26027816679,52.100280791
0,23618.5566567,0,4.25750027228,52.0972218935
0,23618.5566567,0,4.25388911741,52.0947203393
0,23618.5566567,0,4.25083399117,52.0916687548
0,23618.5566567,0,4.24749963151,52.0894472977
0,23618.5566567,0,4.2444451914,52.0863865828
0,23618.5566567,0,4.24083279197,52.0838846439
0,23618.5566567,0,4.23805478988,52.0808343327
0,23618.5566567,0,4.23499968801,52.0777733808
0,23618.5566567,0,4.23222281868,52.0749971918
0,23618.5566567,0,4.22861145742,52.0725038275
0,23618.5566567,0,4.22555485929,52.0694426472
0,23618.5566567,0,4.22277703987,52.0663919747
0,23618.5566567,0,4.21916747307,52.0638893456
0,23618.5566567,0,4.21555513233,52.0616697812
0,23618.5566567,0,4.21277823885,52.0586099061
0,23618.5566567,0,4.20972297447,52.0555573445
0,23618.5566567,0,4.20638774804,52.0530559465
0,23618.5566567,0,4.20333333499,52.050277399
0,23618.5566567,0,4.19972167885,52.0477741985
0,23618.5566567,0,4.19611125947,52.0447223316
0,23618.5566567,0,4.19194400292,52.0427775137
0,23618.5566567,0,4.18833358889,52.0402739534
0,23618.5566567,0,4.18555462582,52.0374966058
0,23618.5566567,0,4.18194523425,52.0350018823
0,23618.5566567,0,4.17833245996,52.0325024778
0,23618.5566567,0,4.17555532037,52.0294417304
0,23618.5566567,0,4.17250011685,52.0263881224
0,23618.5566567,0,4.16972312356,52.0236149873
0,23618.5566567,0,4.16666658587,52.0205522832
0,23618.5566567,0,4.16444525994,52.0169462651
0,23618.5566567,0,4.16166732824,52.0138851139
0,23618.5566567,0,4.15861116783,52.0111099486
0,23618.5566567,0,4.15583246957,52.0080577092
0,23618.5566567,0,4.15277820111,52.0049990596
0,23618.5566567,0,4.14944530221,52.0025006376
0,23618.5566567,0,4.14583344364,52.000000231
0,23618.5566567,0,4.14166601606,51.9980536461
0,23618.5566567,0,4.13805562088,51.9958362189
0,23618.5566567,0,4.13388905147,51.9938893519
0,23618.5566567,0,4.12972270486,51.9919422523
0,23618.5566567,0,4.1255564664,51.989725337
0,23618.5566567,0,4.12083323998,51.9883363115
0,23618.5566567,0,4.11583268243,51.9869452043
0,23618.5566567,0,4.11111112723,51.9855556908
0,23618.5566567,0,4.10499959706,51.9850017726
0,23618.5566567,0,4.09944381072,51.9841681621
0,23618.5566567,0,4.09361053607,51.9838852443
0,23618.5566567,0,4.08666654982,51.9838866476
0,23618.5566567,0,4.08000018397,51.9838850121
0,23618.5566567,0,4.07277860188,51.9847242688
0,23618.5566567,0,4.06611220813,51.9847263678
0,23618.5566567,0,4.05916711681,51.9847260753
0,23618.5566567,0,4.05194557207,51.9852763016
0,23618.5566567,0,4.04444394523,51.9861163188
0,23618.5566567,0,4.03888880068,51.9875051611
0,23618.5566567,0,4.03166749444,51.9880542228
0,23618.5566567,0,4.02472186049,51.9880519017
0,23618.5566567,0,4.02111129635,51.9880517819
0,23618.5566567,0,4.01499983575,51.9847239506
0,23618.5566567,0,4.01222153673,51.9816683468
0,23618.5566567,0,4.01194457961,51.9777774393
0,23618.5566567,0,4.01361114753,51.974166608
0,23618.5566567,0,4.01499972531,51.9708324177
0,23618.5566567,0,4.01666573376,51.9675002508
0,23618.5566567,0,4.01888804942,51.9647206627
0,23618.5566567,0,4.02138850794,51.9616689511
0,23618.5566567,0,4.02277802897,51.958334567
0,23618.5566567,0,4.02500048261,51.9552762298
0,23618.5566567,0,4.02666694814,51.9519439044
0,23618.5566567,0,4.02805483804,51.9486094646
0,23618.5566567,0,4.02972168293,51.9452726501
0,23618.5566567,0,4.03194404547,51.9422230467
0,23618.5566567,0,4.03277772768,51.9386146901
0,23618.5566567,0,4.03416571589,51.9352802509
0,23618.5566567,0,4.03583267618,51.9319477755
0,23618.5566567,0,4.03722199695,51.9286131996
0,23618.5566567,0,4.03944473055,51.9255544802
0,23618.5566567,0,4.04194530391,51.922502299
0,23618.5566567,0,4.04416657651,51.9197222932
0,23618.5566567,0,4.0491667794,51.9177761609
0,23618.5566567,0,4.05222179191,51.9152762336
0,23618.5566567,0,4.05000032041,51.9116680474
0,23618.5566567,0,4.04638867813,51.9094478296
0,23618.5566567,0,4.04361206292,51.9063884848
0,23618.5566567,0,4.04000024153,51.903893882
0,23618.5566567,0,4.03638874796,51.9013901238
0,23618.5566567,0,4.03361047002,51.8983304739
0,23618.5566567,0,4.03083291374,51.8952797938
0,23618.5566567,0,4.02777846202,51.8925012206
0,23618.5566567,0,4.02611147056,51.8883347484
0,23618.5566567,0,4.02611110326,51.8841717292
0,23618.5566567,0,4.02916585961,51.8816678644
0,23618.5566567,0,4.03249994015,51.8791660721
0,23618.5566567,0,4.03638866327,51.8769469704
0,23618.5566567,0,4.04027676367,51.8747232225
0,23618.5566567,0,4.04444413034,51.8724968652
0,23618.5566567,0,4.04749999406,51.8700015457
0,23618.5566567,0,4.05166562076,51.8677749436
0,23618.5566567,0,4.05472171228,51.8652794301
0,23618.5566567,0,4.05777736038,51.8627793179
0,23618.5566567,0,4.06111129709,51.8602766143
0,23618.5566567,0,4.06416697907,51.8574976167
0,23618.5566567,0,4.06666675481,51.8547191419
0,23618.5566567,0,4.06888953112,51.8516687674
0,23618.5566567,0,4.07111085254,51.848609487
0,23618.5566567,0,4.0719535465,51.8476728662
0,23618.5566567,0,4.05149771889,51.8275752704
0,23618.5566567,0,4.04611142099,51.8255554287
0,23618.5566567,0,4.0427782152,51.8272259277
0,23618.5566567,0,4.03861110139,51.8291690178
0,23618.5566567,0,4.03555573124,51.8319474466
0,23618.5566567,0,4.03222141998,51.8344404009
0,23618.5566567,0,4.02750011282,51.836113676
0,23618.5566567,0,4.02361092585,51.8383325132
0,23618.5566567,0,4.01944379372,51.840553629
0,23618.5566567,0,4.01555484168,51.8427812357
0,23618.5566567,0,4.01055509601,51.8444427474
0,23618.5566567,0,4.0066671599,51.8466655265
0,23618.5566567,0,4.00166731395,51.847503912
0,23618.5566567,0,3.99499990263,51.8477763364
0,23618.5566567,0,3.98888865701,51.8472209633
0,23618.5566567,0,3.98333404962,51.846390866
0,23618.5566567,0,3.97861139046,51.8450005989
0,23618.5566567,0,3.97388922326,51.8433314253
0,23618.5566567,0,3.96916717147,51.8419407751
0,23618.5566567,0,3.96416676053,51.840552218
0,23618.5566567,0,3.9608337566,51.8388891271
0,23618.5566567,0,3.95611076899,51.8375023994
0,23618.5566567,0,3.95138892378,51.8361111198
0,23618.5566567,0,3.9466665132,51.8347240092
0,23618.5566567,0,3.94111099836,51.8336087801
0,23618.5566567,0,3.93638916104,51.8322212535
0,23618.5566567,0,3.93166680318,51.8308336257
0,23618.5566567,0,3.9261106411,51.8300008453
0,23618.5566567,0,3.92083379389,51.8288869034
0,23618.5566567,0,3.91527829026,51.8280580444
0,23618.5566567,0,3.91000017564,51.8269436273
0,23618.5566567,0,3.90444501522,51.8261098176
0,23618.5566567,0,3.89833430077,51.8258375003
0,23618.5566567,0,3.89305509744,51.8247222488
0,23618.5566567,0,3.88694382184,51.8244493445
0,23618.5566567,0,3.88083425088,51.8238927927
0,23618.5566567,0,3.87611080067,51.8225029478
0,23618.5566567,0,3.87194349192,51.8205558038
0,23618.5566567,0,3.86777851959,51.8186130162
0,23618.5566567,0,3.86555581107,51.8150013589
0,23618.5566567,0,3.86527840488,51.8108358516
0,23618.5566567,0,3.86611107701,51.80721968
0,23618.5566567,0,3.86750032496,51.8038870669
0,23618.5566567,0,3.86916750972,51.8005523809
0,23618.5566567,0,3.87138927036,51.7969438884
0,23618.5566567,0,3.8736113568,51.794166969
0,23618.5566567,0,3.87527774154,51.7908322783
0,23618.5566567,0,3.87416701199,51.7861110243
0,23618.5566567,0,3.8713887018,51.7833307752
0,23618.5566567,0,3.86861122319,51.780280698
0,23618.5566567,0,3.86500014347,51.7777807243
0,23618.5566567,0,3.86222223917,51.7747171029
0,23618.5566567,0,3.85805575277,51.7727829384
0,23618.5566567,0,3.85388936748,51.7708351465
0,23618.5566567,0,3.85027810191,51.7683347223
0,23618.5566567,0,3.84555586635,51.7669436469
0,23618.5566567,0,3.84194536974,51.764442878
0,23618.5566567,0,3.83916726604,51.7613921922
0,23618.5566567,0,3.83694500444,51.7580586851
0,23618.5566567,0,3.8352778822,51.7538894834
0,23618.5566567,0,3.8336109415,51.7499989699
0,23618.5566567,0,3.83222151026,51.745832272
0,23618.5566567,0,3.83000026815,51.7433304141
0,23618.5566567,0,3.82472168379,51.742225585
0,23618.5566567,0,3.81805581879,51.7433331991
0,23618.5566567,0,3.81250004358,51.7447204387
0,23618.5566567,0,3.80527776926,51.7452781782
0,23618.5566567,0,3.79777742481,51.7458328401
0,23618.5566567,0,3.79055491703,51.7463896754
0,23618.5566567,0,3.78388958596,51.746668158
0,23618.5566567,0,3.77777832907,51.746110807
0,23618.5566567,0,3.77305610656,51.7447212626
0,23618.5566567,0,3.76833336458,51.7433316159
0,23618.5566567,0,3.7641672685,51.7413851701
0,23618.5566567,0,3.75944507075,51.7397253236
0,23618.5566567,0,3.75388905653,51.7388933873
0,23618.5566567,0,3.74722173765,51.738891091
0,23618.5566567,0,3.74055627331,51.7391670354
0,23618.5566567,0,3.73444478735,51.7386074355
0,23618.5566567,0,3.72916705863,51.7377771134
0,23618.5566567,0,3.72361088011,51.736665034
0,23618.5566567,0,3.71888872523,51.7352734005
0,23618.5566567,0,3.71416679412,51.7338860135
0,23618.5566567,0,3.71055646793,51.7313902601
0,23618.5566567,0,3.70749988724,51.730554558
0,23618.5566567,0,3.70333325466,51.7286149219
0,23618.5566567,0,3.69999968077,51.7261126665
0,23618.5566567,0,3.69638879866,51.7236120436
0,23618.5566567,0,3.69361101629,51.7208321179
0,23618.5566567,0,3.69138898708,51.7172261091
0,23618.5566567,0,3.68916724484,51.7136066595
0,23618.5566567,0,3.68749992498,51.7097230418
0,23618.5566567,0,3.68666646159,51.7052770979
0,23618.5566567,0,3.68638902759,51.7011112182
0,23618.5566567,0,3.68555526539,51.6963865467
0,23618.5566567,0,3.68611113713,51.6927776637
0,23618.5566567,0,3.68777771902,51.6894455152
0,23618.5566567,0,3.69083352462,51.6869414113
0,23618.5566567,0,3.69333301206,51.6838920369
0,23618.5566567,0,3.69638908284,51.6813878668
0,23618.5566567,0,3.70055557427,51.6791691107
0,23618.5566567,0,3.70444426166,51.676942913
0,23618.5566567,0,3.70916735485,51.6752780262
0,23618.5566567,0,3.7149997356,51.6738894394
0,23618.5566567,0,3.72055627824,51.6725022542
0,23618.5566567,0,3.72638873063,51.6719448136
0,23618.5566567,0,3.73305611797,51.6719438311
0,23618.5566567,0,3.73916672278,51.6722247765
0,23618.5566567,0,3.74444412227,51.6733333607
0,23618.5566567,0,3.75055592096,51.6736137065
0,23618.5566567,0,3.75666689943,51.6741634151
0,23618.5566567,0,3.7619440528,51.6750014566
0,23618.5566567,0,3.76666692737,51.6766656375
0,23618.5566567,0,3.77027797499,51.6791687241
0,23618.5566567,0,3.77444491957,51.6811149546
0,23618.5566567,0,3.77916673662,51.6825043607
0,23618.5566567,0,3.7838888992,51.6838891376
0,23618.5566567,0,3.78805497213,51.6858348921
0,23618.5566567,0,3.79222240162,51.6877760525
0,23618.5566567,0,3.79583385345,51.6902782681
0,23618.5566567,0,3.79916733471,51.6927778264
0,23618.5566567,0,3.80277773713,51.6952753144
0,23618.5566567,0,3.8075001375,51.6966636639
0,23618.5566567,0,3.81416660264,51.6966626138
0,23618.5566567,0,3.82055630294,51.6955571232
0,23618.5566567,0,3.82472222325,51.6936127622
0,23618.5566567,0,3.82861047452,51.691391409
0,23618.5566567,0,3.83166689375,51.6888881406
0,23618.5566567,0,3.83249967206,51.6849978529
0,23618.5566567,0,3.83472272499,51.6819474042
0,23618.5566567,0,3.83888867545,51.6800025312
0,23618.5566567,0,3.84361093288,51.6780535148
0,23618.5566567,0,3.8494442211,51.6766671952
0,23618.5566567,0,3.85666680999,51.6761112226
0,23618.5566567,0,3.86333291496,51.6761073766
0,23618.5566567,0,3.8688889148,51.6747221262
0,23618.5566567,0,3.87250003803,51.6744481192
0,23618.5566567,0,3.8775003931,51.6725001042
0,23618.5566567,0,3.87916734524,51.6705544344
0,23618.5566567,0,3.88166679409,51.6675055312
0,23618.5566567,0,3.8813887984,51.6633309198
0,23618.5566567,0,3.88208979037,51.6602973643
0,23618.5566567,0,3.827545394,51.606119636
0,23618.5566567,0,3.82444494324,51.6058380604
0,23618.5566567,0,3.81861056488,51.6055506862
0,23618.5566567,0,3.81194387672,51.6055520246
0,23618.5566567,0,3.80583289712,51.6052794082
0,23618.5566567,0,3.79972225475,51.6047232288
0,23618.5566567,0,3.79444460078,51.6038913345
0,23618.5566567,0,3.79092076727,51.6031823653
0,23618.5566567,0,3.78888857704,51.6027733942
0,23618.5566567,0,3.78361142006,51.6019455315
0,23618.5566567,0,3.77833303001,51.6008297601
0,23618.5566567,0,3.7722219265,51.6005553965
0,23618.5566567,0,3.76610962267,51.5999974804
0,23618.5566567,0,3.76027843879,51.5997206682
0,23618.5566567,0,3.75472214846,51.5986100736
0,23618.5566567,0,3.74861053178,51.598334485
0,23618.5566567,0,3.74333368378,51.5972260909
0,23618.5566567,0,3.74143647261,51.5969233665
0,23618.5566567,0,3.73805602488,51.5963917485
0,23618.5566567,0,3.73250058619,51.5955588193
0,23618.5566567,0,3.72583269505,51.5955597992
0,23618.5566567,0,3.71944502127,51.5963903243
0,23618.5566567,0,3.71472234241,51.5983344678
0,23618.5566567,0,3.70972302678,51.5999967673
0,23618.5566567,0,3.70333255589,51.6011141925
0,23618.5566567,0,3.69722199795,51.6005572017
0,23618.5566567,0,3.69237543926,51.6003251676
0,23618.5566567,0,3.69138931614,51.6002814983
0,23618.5566567,0,3.68583286019,51.5991676475
0,23618.5566567,0,3.68055526568,51.598335159
0,23618.5566567,0,3.67500112248,51.5972253039
0,23618.5566567,0,3.66916711026,51.5969485049
0,23618.5566567,0,3.66305401888,51.5963897517
0,23618.5566567,0,3.65777796058,51.5955562316
0,23618.5566567,0,3.65166700281,51.5950013951
0,23618.5566567,0,3.64611078947,51.5941689061
0,23618.5566567,0,3.64286182709,51.5938585428
0,23618.5566567,0,3.64027798238,51.5936118621
0,23618.5566567,0,3.63416673921,51.5933303154
0,23618.5566567,0,3.62805648107,51.5927832054
0,23618.5566567,0,3.62222197195,51.5933313615
0,23618.5566567,0,3.61749983236,51.5950017387
0,23618.5566567,0,3.61277727236,51.5969462089
0,23618.5566567,0,3.60694531445,51.5983342694
0,23618.5566567,0,3.59972218856,51.5988929135
0,23618.5566567,0,3.5937874408,51.5988916023
0,23618.5566567,0,3.59305568847,51.5988907802
0,23618.5566567,0,3.58694510231,51.5983370107
0,23618.5566567,0,3.58027760332,51.5986084384
0,23618.5566567,0,3.57444506551,51.5980527276
0,23618.5566567,0,3.56888897814,51.5972210225
0,23618.5566567,0,3.56416728142,51.5955579334
0,23618.5566567,0,3.56000005112,51.593613208
0,23618.5566567,0,3.55527889978,51.5922239568
0,23618.5566567,0,3.55111060555,51.5902789209
0,23618.5566567,0,3.54722234961,51.5883324319
0,23618.5566567,0,3.54585595887,51.587691352
0,23618.5566567,0,3.54305644787,51.5863825777
0,23618.5566567,0,3.53833323725,51.5847228943
0,23618.5566567,0,3.5336110291,51.5833372981
0,23618.5566567,0,3.5286110045,51.5813907205
0,23618.5566567,0,3.52388924898,51.5800002103
0,23618.5566567,0,3.51972171399,51.5780585776
0,23618.5566567,0,3.51583301682,51.5761110506
0,23618.5566567,0,3.51083328259,51.5744469549
0,23618.5566567,0,3.50694451668,51.5725036548
0,23618.5566567,0,3.50333393446,51.5700015104
0,23618.5566567,0,3.49974857217,51.5689423933
0,23618.5566567,0,3.49861049844,51.5686099908
0,23618.5566567,0,3.49444413881,51.5666674552
0,23618.5566567,0,3.49027808521,51.5647202491
0,23618.5566567,0,3.4855556407,51.5633327214
0,23618.5566567,0,3.48139010858,51.5611154365
0,23618.5566567,0,3.47750005857,51.5591666441
0,23618.5566567,0,3.47333272602,51.5572188413
0,23618.5566567,0,3.46916660139,51.5552754067
0,23618.5566567,0,3.46500007089,51.5533362632
0,23618.5566567,0,3.46166743735,51.5508362539
0,23618.5566567,0,3.45749966175,51.5488879736
0,23618.5566567,0,3.45472225192,51.5475904848
0,23618.5566567,0,3.45333322498,51.5469438937
0,23618.5566567,0,3.44999977445,51.5444391176
0,23618.5566567,0,3.44638925423,51.5419441755
0,23618.5566567,0,3.44361079784,51.5388885382
0,23618.5566567,0,3.4408336978,51.5358373501
0,23618.5566567,0,3.44055558227,51.5316707305
0,23618.5566567,0,3.44305604792,51.5288919404
0,23618.5566567,0,3.44611092323,51.5263851046
0,23618.5566567,0,3.44944496343,51.5236119609
0,23618.5566567,0,3.45250016444,51.5211139966
0,23618.5566567,0,3.45666586549,51.5188903551
0,23618.5566567,0,3.45972205578,51.5163877583
0,23618.5566567,0,3.46198736123,51.5146883609
0,23618.5566567,0,3.46305633578,51.5138838993
0,23618.5566567,0,3.46694437642,51.5116655052
0,23618.5566567,0,3.46999974724,51.509171598
0,23618.5566567,0,3.47416694894,51.5069428842
0,23618.5566567,0,3.47805466394,51.5047241189
0,23618.5566567,0,3.48222231199,51.5027783578
0,23618.5566567,0,3.48694508575,51.5008300606
0,23618.5566567,0,3.49083371494,51.4988896703
0,23618.5566567,0,3.49499994797,51.496664651
0,23618.5566567,0,3.49888859216,51.4944451845
0,23618.5566567,0,3.50361098626,51.4927750195
0,23618.5566567,0,3.50606147035,51.4914696527
0,23618.5566567,0,3.50777783241,51.4905540607
0,23618.5566567,0,3.51083313421,51.4880545544
0,23618.5566567,0,3.51416670469,51.4852750238
0,23618.5566567,0,3.51638922293,51.4825002937
0,23618.5566567,0,3.51805511202,51.4791660109
0,23618.5566567,0,3.51944372302,51.4758283258
0,23618.5566567,0,3.52111112943,51.4725030308
0,23618.5566567,0,3.52250111267,51.4691698201
0,23618.5566567,0,3.52499977857,51.4661104406
0,23618.5566567,0,3.52805608065,51.4636060291
0,23618.5566567,0,3.5305559193,51.4605554806
0,23618.5566567,0,3.53361066106,51.4580553654
0,23618.5566567,0,3.538331835,51.4563882267
0,23618.5566567,0,3.53902033977,51.4561198185
0,23618.5566567,0,3.54333443985,51.4544454728
0,23618.5566567,0,3.54805563507,51.452773419
0,23618.5566567,0,3.55277833649,51.4511102932
0,23618.5566567,0,3.55861130707,51.4497248548
0,23618.5566567,0,3.56333437709,51.4477779691
0,23618.5566567,0,3.56805613857,51.4461142291
0,23618.5566567,0,3.57305616595,51.4444443331
0,23618.5566567,0,3.5802777688,51.4436130744
0,23618.5566567,0,3.58694502741,51.443611367
0,23618.5566567,0,3.58698181177,51.4436066616
0,23618.5566567,0,3.59416711841,51.4430534547
0,23618.5566567,0,3.60083260496,51.4430554038
0,23618.5566567,0,3.60749977159,51.4430525278
0,23618.5566567,0,3.61388914185,51.4427854809
0,23618.5566567,0,3.62055526283,51.4427773465
0,23618.5566567,0,3.62527773789,51.4433367525
0,23618.5566567,0,3.63111075693,51.4438854744
0,23618.5566567,0,3.63688979509,51.444155389
0,23618.5566567,0,3.63722183357,51.4441671486
0,23618.5566567,0,3.64333234373,51.4447272343
0,23618.5566567,0,3.64861128732,51.445556852
0,23618.5566567,0,3.6527767508,51.4474984698
0,23618.5566567,0,3.65805615672,51.4488851978
0,23618.5566567,0,3.66277782962,51.4505535694
0,23618.5566567,0,3.66777810726,51.4519414377
0,23618.5566567,0,3.67250012037,51.4538881432
0,23618.5566567,0,3.67620604323,51.4549782485
0,23618.5566567,0,3.61115668944,51.3896420672
0,23618.5566567,0,3.60777802917,51.390830441
0,23618.5566567,0,3.60111052629,51.3919439107
0,23618.5566567,0,3.59611080999,51.3916681973
0,23618.5566567,0,3.58944473044,51.3919447251
0,23618.5566567,0,3.58472315991,51.3936094362
0,23618.5566567,0,3.58138894525,51.396112226
0,23618.5566567,0,3.57833275696,51.3986136313
0,23618.5566567,0,3.57361090427,51.4005566204
0,23618.5566567,0,3.5686110647,51.4022220388
0,23618.5566567,0,3.56388928537,51.4041691545
0,23618.5566567,0,3.55833293777,51.4052792689
0,23618.5566567,0,3.55416731191,51.4075020677
0,23618.5566567,0,3.55027799913,51.4097234199
0,23618.5566567,0,3.54472208261,51.4111116116
0,23618.5566567,0,3.53833263909,51.4119413945
0,23618.5566567,0,3.53166695925,51.4122235862
0,23618.5566567,0,3.52555592259,51.4116667317
0,23618.5566567,0,3.51944382282,51.4113927281
0,23618.5566567,0,3.51416705519,51.4102784795
0,23618.5566567,0,3.5086107847,51.4088910008
0,23618.5566567,0,3.50388951849,51.4074996722
0,23618.5566567,0,3.49861094473,51.4063892528
0,23618.5566567,0,3.49388930035,51.4049975232
0,23618.5566567,0,3.48916718671,51.4036101268
0,23618.5566567,0,3.48388923193,51.402494521
0,23618.5566567,0,3.47916673952,51.4011067234
0,23618.5566567,0,3.47361116002,51.4002750383
0,23618.5566567,0,3.46888921135,51.3986125349
0,23618.5566567,0,3.46416743568,51.3972241304
0,23618.5566567,0,3.45888932471,51.3963862111
0,23618.5566567,0,3.4541672366,51.3947231153
0,23618.5566567,0,3.44888870024,51.3938891852
0,23618.5566567,0,3.4433326453,51.3927773402
0,23618.5566567,0,3.43805626762,51.391942998
0,23618.5566567,0,3.43194377539,51.3913902304
0,23618.5566567,0,3.42555624551,51.3916698036
0,23618.5566567,0,3.42000021674,51.3905569368
0,23618.5566567,0,3.41527819723,51.3891664809
0,23618.5566567,0,3.41055463019,51.3877803614
0,23618.5566567,0,3.40666737211,51.3855594916
0,23618.5566567,0,3.40194529265,51.3841639773
0,23618.5566567,0,3.3972218001,51.3827728826
0,23618.5566567,0,3.39305519991,51.3808356723
0,23618.5566567,0,3.38833343736,51.3791654022
0,23618.5566567,0,3.38361090762,51.3777782768
0,23618.5566567,0,3.37888942723,51.3763863527
0,23618.5566567,0,3.37416572825,51.3749988505
0,23618.5566567,0,3.36944358456,51.3733368628
0,23618.5566567,0,3.36472222178,51.3719488887
0,23618.5566567,0,3.36000013718,51.3705517678
0,23618.5566567,0,3.35444469935,51.369444667
0,23618.5566567,0,3.35227204028,51.3691032489
0,23618.5566567,0,3.35903979093,51.3620953885
0,23618.5566567,0,1.44183579661,51.3522832325
0,23618.5566567,0,1.44333295722,51.3552773089
0,23618.5566567,0,1.44500006722,51.3594450689
0,23618.5566567,0,1.44638913722,51.3638923489
0,23618.5566567,0,1.44888890722,51.3677743289
0,23618.5566567,0,1.44861091722,51.3713901789
0,23618.5566567,0,1.44833303722,51.3755590689
0,23618.5566567,0,1.44777801722,51.3788924589
0,23618.5566567,0,1.44555610722,51.3819429589
0,23618.5566567,0,1.44361115722,51.3850016089
0,23618.5566567,0,1.44000032722,51.3877772489
0,23618.5566567,0,1.43583302722,51.3897225389
0,23618.5566567,0,1.43138878722,51.3913897089
0,23618.5566567,0,1.42416696722,51.3922190489
0,23618.5566567,0,1.41750004722,51.3925023689
0,23618.5566567,0,1.41138911722,51.3919430689
0,23618.5566567,0,1.40611094722,51.3919433289
0,23618.5566567,0,1.39972215722,51.3908310789
0,23618.5566567,0,1.39416707722,51.3897254089
0,23618.5566567,0,1.39027796722,51.3886109189
0,23618.5566567,0,1.38555590722,51.3877770689
0,23618.5566567,0,1.37999983722,51.3861086789
0,23618.5566567,0,1.37555606722,51.3841631689
0,23618.5566567,0,1.37027782722,51.3833299989
0,23618.5566567,0,1.36527808722,51.3816686289
0,23618.5566567,0,1.36138923722,51.3808364389
0,23618.5566567,0,1.35583283722,51.3794501389
0,23618.5566567,0,1.34972178722,51.3797239289
0,23618.5566567,0,1.34305474722,51.3794499589
0,23618.5566567,0,1.33694408722,51.3791655389
0,23618.5566567,0,1.33055624722,51.3799964289
0,23618.5566567,0,1.32333318722,51.3802799689
0,23618.5566567,0,1.31722193722,51.3799989989
0,23618.5566567,0,1.31055599722,51.3797231989
0,23618.5566567,0,1.30444496722,51.3799991089
0,23618.5566567,0,1.29916705722,51.3797247689
0,23618.5566567,0,1.29305598722,51.3788894789
0,23618.5566567,0,1.28777781722,51.3780615489
0,23618.5566567,0,1.28277825722,51.3769452189
0,23618.5566567,0,1.27694391722,51.3766616989
0,23618.5566567,0,1.27222222722,51.3758322689
0,23618.5566567,0,1.26583318722,51.3750004489
0,23618.5566567,0,1.26000021722,51.3747251089
0,23618.5566567,0,1.25444377722,51.3738870389
0,23618.5566567,0,1.24777791722,51.3741697089
0,23618.5566567,0,1.24055617722,51.3750012189
0,23618.5566567,0,1.23416704722,51.3752737789
0,23618.5566567,0,1.22777816722,51.3763868289
0,23618.5566567,0,1.22111102722,51.3772210389
0,23618.5566567,0,1.21583298722,51.3791641489
0,23618.5566567,0,1.20861108722,51.3799981789
0,23618.5566567,0,1.20249975722,51.3797247189
0,23618.5566567,0,1.19888893722,51.3794489289
0,23618.5566567,0,1.19194415722,51.3786090189
0,23618.5566567,0,1.18638913722,51.3772191889
0,23618.5566567,0,1.18111086722,51.3769439889
0,23618.5566567,0,1.17472191722,51.3761116989
0,23618.5566567,0,1.16888903722,51.3758318089
0,23618.5566567,0,1.16361105722,51.3755558489
0,23618.5566567,0,1.15805577722,51.3741691389
0,23618.5566567,0,1.15333276722,51.3738879389
0,23618.5566567,0,1.14805606722,51.3730537389
0,23618.5566567,0,1.14166709722,51.3719498289
0,23618.5566567,0,1.13638879722,51.3711105689
0,23618.5566567,0,1.13083302722,51.3702756289
0,23618.5566567,0,1.12555621722,51.3700024389
0,23618.5566567,0,1.11944426722,51.3691625589
0,23618.5566567,0,1.11333311722,51.3686146389
0,23618.5566567,0,1.10749982722,51.3686149489
0,23618.5566567,0,1.10138897722,51.3688892589
0,23618.5566567,0,1.09388887722,51.3686145789
0,23618.5566567,0,1.08888912722,51.3688883289
0,23618.5566567,0,1.08305494722,51.3688874189
0,23618.5566567,0,1.07555585722,51.3688903389
0,23618.5566567,0,1.06972204722,51.3694463389
0,23618.5566567,0,1.06277799722,51.3688910289
0,23618.5566567,0,1.05749985722,51.3680571989
0,23618.5566567,0,1.05277794722,51.3672278689
0,23618.5566567,0,1.04777790722,51.3652785889
0,23618.5566567,0,1.04305594722,51.3644398689
0,23618.5566567,0,1.03833292722,51.3630523689
0,23618.5566567,0,1.03333277722,51.3619477989
0,23618.5566567,0,1.02833306722,51.3600021789
0,23618.5566567,0,1.02500006722,51.3580529789
0,23618.5566567,0,1.02138906722,51.3558336789
0,23618.5566567,0,1.01638919722,51.3538875289
0,23618.5566567,0,1.01222223722,51.3519418089
0,23618.5566567,0,1.00805522722,51.3505535089
0,23618.5566567,0,1.00250002722,51.3494426689
0,23618.5566567,0,0.999166707222,51.3477804889
0,23618.5566567,0,0.993610807222,51.3472222789
0,23618.5566567,0,0.987500057222,51.3458314089
0,23618.5566567,0,0.981388957222,51.3455598589
0,23618.5566567,0,0.974722197222,51.3455571589
0,23618.5566567,0,0.968056097222,51.3461071789
0,23618.5566567,0,0.961110787222,51.3469487189
0,23618.5566567,0,0.954445107222,51.3472191789
0,23618.5566567,0,0.948333027222,51.3472201689
0,23618.5566567,0,0.944444127222,51.3463875389
0,23618.5566567,0,0.938333117222,51.3452773689
0,23618.5566567,0,0.934762252126,51.3444391623
0,23618.5566567,0,0.892905806394,51.3436934787
0,23618.5566567,0,0.888611157222,51.3452772189
0,23618.5566567,0,0.883055907222,51.3469485889
0,23618.5566567,0,0.876667117222,51.3480515189
0,23618.5566567,0,0.871111017222,51.3494435189
0,23618.5566567,0,0.864722107222,51.3505547689
0,23618.5566567,0,0.858332907222,51.3519444689
0,23618.5566567,0,0.851944087222,51.3525019489
0,23618.5566567,0,0.846110977222,51.3527770289
0,23618.5566567,0,0.839166897222,51.3525006989
0,23618.5566567,0,0.833889127222,51.3522188389
0,23618.5566567,0,0.827777917222,51.3508285789
0,23618.5566567,0,0.821666907222,51.3505576689
0,23618.5566567,0,0.814444097222,51.3513853689
0,23618.5566567,0,0.808888927222,51.3527744589
0,23618.5566567,0,0.803332907222,51.3544465489
0,23618.5566567,0,0.796944007222,51.3555541189
0,23618.5566567,0,0.790554947222,51.3561082589
0,23618.5566567,0,0.783888837222,51.3563914789
0,23618.5566567,0,0.777222257222,51.3561077489
0,23618.5566567,0,0.771110937222,51.3558342089
0,23618.5566567,0,0.767778017222,51.3572231489
0,23618.5566567,0,0.764167177222,51.3600006689
0,23618.5566567,0,0.761389027222,51.3636079189
0,23618.5566567,0,0.759443957222,51.3669432489
0,23618.5566567,0,0.758055947222,51.3702757289
0,23618.5566567,0,0.756388957222,51.3727799289
0,23618.5566567,0,0.755278097222,51.3766617789
0,23618.5566567,0,0.753055827222,51.3797218889
0,23618.5566567,0,0.749999987222,51.3822263489
0,23618.5566567,0,0.746388777222,51.3844457389
0,23618.5566567,0,0.741666897222,51.3863918089
0,23618.5566567,0,0.738332937222,51.3886117889
0,23618.5566567,0,0.734444147222,51.3902723589
0,23618.5566567,0,0.730000097222,51.3933340189
0,23618.5566567,0,0.726111247222,51.3955519089
0,23618.5566567,0,0.722499927222,51.3980538689
0,23618.5566567,0,0.721110857222,51.4011070989
0,23618.5566567,0,0.722221827222,51.4055579489
0,23618.5566567,0,0.722500127222,51.4097228089
0,23618.5566567,0,0.723055847222,51.4144461589
0,23618.5566567,0,0.719166997222,51.4161152289
0,23618.5566567,0,0.713888897222,51.4158324789
0,23618.5566567,0,0.708889057222,51.4144442489
0,23618.5566567,0,0.702777997222,51.4136140989
0,23618.5566567,0,0.698056067222,51.4127794489
0,23618.5566567,0,0.695833017222,51.4091653589
0,23618.5566567,0,0.695555217222,51.4061111189
0,23618.5566567,0,0.697499857222,51.4022237289
0,23618.5566567,0,0.698889037222,51.3988874789
0,23618.5566567,0,0.701944087222,51.3961100189
0,23618.5566567,0,0.704999857222,51.3936067989
0,23618.5566567,0,0.706943977222,51.3905556189
0,23618.5566567,0,0.709444907222,51.3883382089
0,23618.5566567,0,0.713056337222,51.3852745689
0,23618.5566567,0,0.712778067222,51.3811096589
0,23618.5566567,0,0.709721987222,51.3786082189
0,23618.5566567,0,0.704167057222,51.3775011889
0,23618.5566567,0,0.699443777222,51.3791667189
0,23618.5566567,0,0.696388997222,51.3813865189
0,23618.5566567,0,0.689443837222,51.3830573989
0,23618.5566567,0,0.684722077222,51.3827752889
0,23618.5566567,0,0.678056207222,51.3819418289
0,23618.5566567,0,0.674722237222,51.3836114389
0,23618.5566567,0,0.674267389245,51.3842024329
0,23618.5566567,0,0.671914719293,51.4305308975
0,23618.5566567,0,0.677638327102,51.436694701
0,23618.5566567,0,0.677778027222,51.4366705289
0,23618.5566567,0,0.684166827222,51.4355558789
0,23618.5566567,0,0.690833227222,51.4352782489
0,23618.5566567,0,0.696943727222,51.4355558989
0,23618.5566567,0,0.702778067222,51.4358368189
0,23618.5566567,0,0.708888977222,51.4361093489
0,23618.5566567,0,0.714444987222,51.4369418189
0,23618.5566567,0,0.719167117222,51.4383333889
0,23618.5566567,0,0.722778167222,51.4408318189
0,23618.5566567,0,0.725278117222,51.4441674489
0,23618.5566567,0,0.726943887222,51.4483322089
0,23618.5566567,0,0.726666937222,51.4519421689
0,23618.5566567,0,0.725278037222,51.4552787189
0,23618.5566567,0,0.723056307222,51.4583337889
0,23618.5566567,0,0.720000047222,51.4611117589
0,23618.5566567,0,0.716110917222,51.4633338389
0,23618.5566567,0,0.711667207222,51.4649963589
0,23618.5566567,0,0.707778227222,51.4674969489
0,23618.5566567,0,0.706552369795,51.4678033535
0,23618.5566567,0,0.758168725791,51.52321671
0,23618.5566567,0,0.760555797222,51.5224991389
0,23618.5566567,0,0.766944237222,51.5213844289
0,23618.5566567,0,0.773056047222,51.5216670289
0,23618.5566567,0,0.779167027222,51.5219403089
0,23618.5566567,0,0.784444097222,51.5227820789
0,23618.5566567,0,0.789443927222,51.5241714489
0,23618.5566567,0,0.794167007222,51.5255599089
0,23618.5566567,0,0.798889057222,51.5269481489
0,23618.5566567,0,0.803888877222,51.5283368989
0,23618.5566567,0,0.808055917222,51.5299976589
0,23618.5566567,0,0.812222087222,51.5319460289
0,23618.5566567,0,0.816666807222,51.5338904289
0,23618.5566567,0,0.820832827222,51.5355551989
0,23618.5566567,0,0.824445147222,51.5380549089
0,23618.5566567,0,0.828610937222,51.5400026689
0,23618.5566567,0,0.832778227222,51.5419458189
0,23618.5566567,0,0.837221967222,51.5441681789
0,23618.5566567,0,0.841389097222,51.5461110189
0,23618.5566567,0,0.844999877222,51.5483312489
0,23618.5566567,0,0.848056157222,51.5513910489
0,23618.5566567,0,0.852500057222,51.5533385489
0,23618.5566567,0,0.856666917222,51.5550020289
0,23618.5566567,0,0.861388997222,51.5563877289
0,23618.5566567,0,0.866944157222,51.5572217989
0,23618.5566567,0,0.871110857222,51.5591680389
0,23618.5566567,0,0.875278127222,51.5611096489
0,23618.5566567,0,0.879167007222,51.5633338389
0,23618.5566567,0,0.882777767222,51.5658361589
0,23618.5566567,0,0.886388987222,51.5680551089
0,23618.5566567,0,0.890556157222,51.5700006489
0,23618.5566567,0,0.894167157222,51.5725026089
0,23618.5566567,0,0.897778117222,51.5747211889
0,23618.5566567,0,0.902221937222,51.5766667689
0,23618.5566567,0,0.905833207222,51.5791683789
0,23618.5566567,0,0.909999817222,51.5813919889
0,23618.5566567,0,0.913055867222,51.5844410189
0,23618.5566567,0,0.916666927222,51.5866679889
0,23618.5566567,0,0.920555167222,51.5891650389
0,23618.5566567,0,0.924722127222,51.5911093489
0,23618.5566567,0,0.928333127222,51.5933314489
0,23618.5566567,0,0.931944007222,51.5958322089
0,23618.5566567,0,0.935554847222,51.5980540889
0,23618.5566567,0,0.939166927222,51.6005546489
0,23618.5566567,0,0.943610797222,51.6025031089
0,23618.5566567,0,0.947222037222,51.6047201289
0,23618.5566567,0,0.950555747222,51.6063926189
0,23618.5566567,0,0.953888977222,51.6099984589
0,23618.5566567,0,0.955000077222,51.6141680089
0,23618.5566567,0,0.954445137222,51.6180567189
0,23618.5566567,0,0.949722067222,51.6194446289
0,23618.5566567,0,0.942778217222,51.6211081889
0,23618.5566567,0,0.937221897222,51.6208352989
0,23618.5566567,0,0.931110947222,51.6200038089
0,23618.5566567,0,0.926389097222,51.6186120089
0,23618.5566567,0,0.921667087222,51.6177730989
0,23618.5566567,0,0.914167017222,51.6175006489
0,23618.5566567,0,0.915000177222,51.6211080889
0,23618.5566567,0,0.917499857222,51.6247271389
0,23618.5566567,0,0.921944047222,51.6269462089
0,23618.5566567,0,0.925555087222,51.6288895789
0,23618.5566567,0,0.930278077222,51.6308344789
0,23618.5566567,0,0.933889067222,51.6327730989
0,23618.5566567,0,0.937221767222,51.6363928689
0,23618.5566567,0,0.936667277222,51.6397239589
0,23618.5566567,0,0.936389057222,51.6438917289
0,23618.5566567,0,0.938055957222,51.6480577089
0,23618.5566567,0,0.938611187222,51.6524964089
0,23618.5566567,0,0.938333037222,51.6563853889
0,23618.5566567,0,0.937777917222,51.6600042289
0,23618.5566567,0,0.938056037222,51.6641682789
0,23618.5566567,0,0.937777947222,51.6680527589
0,23618.5566567,0,0.940278047222,51.6713879989
0,23618.5566567,0,0.943888907222,51.6738883189
0,23618.5566567,0,0.950555797222,51.6736136989
0,23618.5566567,0,0.953056197222,51.6769396689
0,23618.5566567,0,0.951388927222,51.6799995889
0,23618.5566567,0,0.949444287222,51.6830501489
0,23618.5566567,0,0.946388827222,51.6855551889
0,23618.5566567,0,0.944166987222,51.6891628589
0,23618.5566567,0,0.943055897222,51.6924976789
0,23618.5566567,0,0.941666997222,51.6958321389
0,23618.5566567,0,0.941111077222,51.6997207389
0,23618.5566567,0,0.942500207222,51.7041694789
0,23618.5566567,0,0.942777817222,51.7083379789
0,23618.5566567,0,0.944166847222,51.7127777089
0,23618.5566567,0,0.945277967222,51.7172260589
0,23618.5566567,0,0.945832977222,51.7213903889
0,23618.5566567,0,0.945853538357,51.721467465
0,23618.5566567,0,1.02061374022,51.7986654695
0,23618.5566567,0,1.02250008722,51.7977757289
0,23618.5566567,0,1.02555607722,51.7955564989
0,23618.5566567,0,1.02861069722,51.7927796389
0,23618.5566567,0,1.03055507722,51.7894445489
0,23618.5566567,0,1.03194492722,51.7863923989
0,23618.5566567,0,1.03166715722,51.7822197389
0,23618.5566567,0,1.03277780722,51.7788931189
0,23618.5566567,0,1.03416724722,51.7755576889
0,23618.5566567,0,1.03722222722,51.7727806089
0,23618.5566567,0,1.04277793722,51.7713850089
0,23618.5566567,0,1.04999984722,51.7705518589
0,23618.5566567,0,1.05666698722,51.7702801189
0,23618.5566567,0,1.06361107722,51.7705521289
0,23618.5566567,0,1.06944385722,51.7702793989
0,23618.5566567,0,1.07638873722,51.7705551489
0,23618.5566567,0,1.08250012722,51.7708348789
0,23618.5566567,0,1.08833323722,51.7705522189
0,23618.5566567,0,1.09388922722,51.7713843389
0,23618.5566567,0,1.09999988722,51.7722251689
0,23618.5566567,0,1.10527797722,51.7724992289
0,23618.5566567,0,1.11166707722,51.7733304489
0,23618.5566567,0,1.11638908722,51.7741705689
0,23618.5566567,0,1.12111115722,51.7755590589
0,23618.5566567,0,1.12666701722,51.7758320989
0,23618.5566567,0,1.13222219722,51.7769456389
0,23618.5566567,0,1.13777795722,51.7783376889
0,23618.5566567,0,1.14194391722,51.7797255089
0,23618.5566567,0,1.14666690722,51.7811129689
0,23618.5566567,0,1.15249980722,51.7822209289
0,23618.5566567,0,1.15666702722,51.7836082289
0,23618.5566567,0,1.16194419722,51.7844462289
0,23618.5566567,0,1.16750002722,51.7858368789
0,23618.5566567,0,1.17166714722,51.7872236289
0,23618.5566567,0,1.17666698722,51.7888884489
0,23618.5566567,0,1.18138908722,51.7897169589
0,23618.5566567,0,1.18638908722,51.7916646089
0,23618.5566567,0,1.19055617722,51.7925021689
0,23618.5566567,0,1.19555588722,51.7944404289
0,23618.5566567,0,1.19972182722,51.7961139189
0,23618.5566567,0,1.20416695722,51.7980567989
0,23618.5566567,0,1.20833311722,51.8000042489
0,23618.5566567,0,1.21194411722,51.8022218589
0,23618.5566567,0,1.21583287722,51.8047268489
0,23618.5566567,0,1.21916684722,51.8066657589
0,23618.5566567,0,1.22361088722,51.8088911189
0,23618.5566567,0,1.22666691722,51.8119451589
0,23618.5566567,0,1.23055588722,51.8141618789
0,23618.5566567,0,1.23416693722,51.8166665489
0,23618.5566567,0,1.23722192722,51.8199990389
0,23618.5566567,0,1.24027785722,51.8225041889
0,23618.5566567,0,1.24388884722,51.8244465189
0,23618.5566567,0,1.24694386722,51.8272257389
0,23618.5566567,0,1.25138901722,51.8297197989
0,23618.5566567,0,1.25499992722,51.8319495489
0,23618.5566567,0,1.25888909722,51.8347228289
0,23618.5566567,0,1.26166691722,51.8369445289
0,23618.5566567,0,1.26611122722,51.8391637589
0,23618.5566567,0,1.26916678722,51.8419423689
0,23618.5566567,0,1.27277811722,51.8444458189
0,23618.5566567,0,1.27666706722,51.8469487189
0,23618.5566567,0,1.28027800722,51.8497216889
0,23618.5566567,0,1.28250009722,51.8522179989
0,23618.5566567,0,1.28638902722,51.8550038189
0,23618.5566567,0,1.28888907722,51.8586100889
0,23618.5566567,0,1.29055599722,51.8619479089
0,23618.5566567,0,1.29333301722,51.8663853489
0,23618.5566567,0,1.29527789722,51.8697226289
0,23618.5566567,0,1.29472200722,51.8741701289
0,23618.5566567,0,1.29361115722,51.8775035489
0,23618.5566567,0,1.28888878722,51.8794491689
0,23618.5566567,0,1.28388892722,51.8808375489
0,23618.5566567,0,1.27805593722,51.8811120089
0,23618.5566567,0,1.27416683722,51.8780606489
0,23618.5566567,0,1.27305610722,51.8741687789
0,23618.5566567,0,1.27166688722,51.8697197689
0,23618.5566567,0,1.27083302722,51.8661106789
0,23618.5566567,0,1.26750017722,51.8627795289
0,23618.5566567,0,1.26333296722,51.8613872289
0,23618.5566567,0,1.25777799722,51.8600012289
0,23618.5566567,0,1.25166685722,51.8591686889
0,23618.5566567,0,1.24638911722,51.8594453089
0,23618.5566567,0,1.23916723722,51.8605558489
0,23618.5566567,0,1.23416713722,51.8616633389
0,23618.5566567,0,1.22972200722,51.8644425389
0,23618.5566567,0,1.22583326722,51.8666679489
0,23618.5566567,0,1.22111083722,51.8686153589
0,23618.5566567,0,1.21638888722,51.8700005789
0,23618.5566567,0,1.20888898722,51.8702777689
0,23618.5566567,0,1.20333307722,51.8719465089
0,23618.5566567,0,1.20111075722,51.8744438189
0,23618.5566567,0,1.20416708722,51.8777771589
0,23618.5566567,0,1.20749993722,51.8811101289
0,23618.5566567,0,1.21055626722,51.8841690189
0,23618.5566567,0,1.21277807722,51.8872241589
0,23618.5566567,0,1.21583277722,51.8899996289
0,23618.5566567,0,1.22027808722,51.8919463189
0,23618.5566567,0,1.22638911722,51.8927759389
0,23618.5566567,0,1.23111104722,51.8936068789
0,23618.5566567,0,1.23361127722,51.8969400389
0,23618.5566567,0,1.23416680722,51.9016647289
0,23618.5566567,0,1.23805498722,51.9044431089
0,23618.5566567,0,1.24222187722,51.9058317689
0,23618.5566567,0,1.24722179722,51.9072191889
0,23618.5566567,0,1.25444382722,51.9063868889
0,23618.5566567,0,1.26111089722,51.9055549389
0,23618.5566567,0,1.26527801722,51.9075002789
0,23618.5566567,0,1.26861104722,51.9108359589
0,23618.5566567,0,1.27027793722,51.9144437889
0,23618.5566567,0,1.27277808722,51.9183335889
0,23618.5566567,0,1.27527806722,51.9211128189
0,23618.5566567,0,1.27777803722,51.9247192489
0,23618.5566567,0,1.28222200722,51.9269422889
0,23618.5566567,0,1.28583305722,51.9294452489
0,23618.5566567,0,1.28944391722,51.9316648489
0,23618.5566567,0,1.29138901722,51.9358383989
0,23618.5566567,0,1.29083310722,51.9391618589
0,23618.5566567,0,1.28444489722,51.9405525889
0,23618.5566567,0,1.28055512722,51.9397180289
0,23618.5566567,0,1.27499999722,51.9383329089
0,23618.5566567,0,1.26916668722,51.9372266789
0,23618.5566567,0,1.26333311722,51.9375004189
0,23618.5566567,0,1.25777814722,51.9388885189
0,23618.5566567,0,1.25111105722,51.9397202989
0,23618.5566567,0,1.24444378722,51.9400031989
0,23618.5566567,0,1.23888874722,51.9391648889
0,23618.5566567,0,1.23472208722,51.9377761389
0,23618.5566567,0,1.22916699722,51.9363843389
0,23618.5566567,0,1.22388900722,51.9361114889
0,23618.5566567,0,1.21749982722,51.9352820389
0,23618.5566567,0,1.21138883722,51.9349959989
0,23618.5566567,0,1.20583294722,51.9344483389
0,23618.5566567,0,1.19972199722,51.9341661789
0,23618.5566567,0,1.19305619722,51.9344461789
0,23618.5566567,0,1.18583302722,51.9349959889
0,23618.5566567,0,1.18111119722,51.9369418289
0,23618.5566567,0,1.17472191722,51.9380568489
0,23618.5566567,0,1.16916699722,51.9397195189
0,23618.5566567,0,1.16250021722,51.9402765489
0,23618.5566567,0,1.15814422656,51.9398815821
0,23618.5566567,0,1.17534299813,51.9574687134
0,23618.5566567,0,1.17750022722,51.9563897789
0,23618.5566567,0,1.18138900722,51.9541704389
0,23618.5566567,0,1.18777788722,51.9524975489
0,23618.5566567,0,1.19500004722,51.9516688489
0,23618.5566567,0,1.20166720722,51.9513842389
0,23618.5566567,0,1.20833303722,51.9508339789
0,23618.5566567,0,1.21472211722,51.9513851489
0,23618.5566567,0,1.21944508722,51.9524997489
0,23618.5566567,0,1.22499984722,51.9530557389
0,23618.5566567,0,1.23055610722,51.9544432289
0,23618.5566567,0,1.23666705722,51.9547192789
0,23618.5566567,0,1.24138894722,51.9555587189
0,23618.5566567,0,1.24833288722,51.9558331089
0,23618.5566567,0,1.25472207722,51.9544443389
0,23618.5566567,0,1.26083300722,51.9530556089
0,23618.5566567,0,1.26499999722,51.9511118889
0,23618.5566567,0,1.27055489722,51.9497234489
0,23618.5566567,0,1.27388882722,51.9530544489
0,23618.5566567,0,1.27638892722,51.9563911389
0,23618.5566567,0,1.27694425722,51.9611110389
0,23618.5566567,0,1.27638908722,51.9647221689
0,23618.5566567,0,1.27666688722,51.9680577589
0,23618.5566567,0,1.27361096722,51.9711061989
0,23618.5566567,0,1.27166704722,51.9741664089
0,23618.5566567,0,1.26777817722,51.9763887089
0,23618.5566567,0,1.26388875722,51.9786153789
0,23618.5566567,0,1.25916702722,51.9805508589
0,23618.5566567,0,1.25361082722,51.9824962589
0,23618.5566567,0,1.24722192722,51.9836107389
0,23618.5566567,0,1.24055619722,51.9838844889
0,23618.5566567,0,1.23305575722,51.9847253089
0,23618.5566567,0,1.22666712722,51.9858341789
0,23618.5566567,0,1.22111112722,51.9875038089
0,23618.5566567,0,1.21694400722,51.9891672489
0,23618.5566567,0,1.21166715722,51.9913846589
0,23618.5566567,0,1.20935654851,51.9922029802
0,23618.5566567,0,1.21928669869,52.0023316964
0,23618.5566567,0,1.22277806722,52.0011158489
0,23618.5566567,0,1.22750004722,51.9994425789
0,23618.5566567,0,1.23305602722,51.9977816389
0,23618.5566567,0,1.23944411722,51.9966678989
0,23618.5566567,0,1.24694383722,51.9958356289
0,23618.5566567,0,1.25333311722,51.9947211689
0,23618.5566567,0,1.25972175722,51.9936153389
0,23618.5566567,0,1.26472209722,51.9925021989
0,23618.5566567,0,1.27083310722,51.9899979389
0,23618.5566567,0,1.27416678722,51.9883338689
0,23618.5566567,0,1.27777813722,51.9850012989
0,23618.5566567,0,1.28083308722,51.9827799789
0,23618.5566567,0,1.28277816722,51.9794453989
0,23618.5566567,0,1.28333284722,51.9761129889
0,23618.5566567,0,1.28638907722,51.9733340489
0,23618.5566567,0,1.28777825722,51.9700002789
0,23618.5566567,0,1.28972225722,51.9669398189
0,23618.5566567,0,1.29194494722,51.9638878489
0,23618.5566567,0,1.29500014722,51.9613874289
0,23618.5566567,0,1.29888893722,51.9591687189
0,23618.5566567,0,1.30277802722,51.9566666589
0,23618.5566567,0,1.30750005722,51.9550037089
0,23618.5566567,0,1.31222191722,51.9530573089
0,23618.5566567,0,1.31527796722,51.9502776289
0,23618.5566567,0,1.31722177722,51.9472211989
0,23618.5566567,0,1.31777796722,51.9436098989
0,23618.5566567,0,1.32000002722,51.9405529189
0,23618.5566567,0,1.32305607722,51.9377730489
0,23618.5566567,0,1.32500001722,51.9347209889
0,23618.5566567,0,1.32722195722,51.9319470989
0,23618.5566567,0,1.32861103722,51.9283385989
0,23618.5566567,0,1.33388896722,51.9291687589
0,23618.5566567,0,1.33722189722,51.9322191989
0,23618.5566567,0,1.33972195722,51.9355545189
0,23618.5566567,0,1.34277809722,51.9386143789
0,23618.5566567,0,1.34583278722,51.9413908889
0,23618.5566567,0,1.34944418722,51.9438873689
0,23618.5566567,0,1.35250008722,51.9466637289
0,23618.5566567,0,1.35638906722,51.9491638789
0,23618.5566567,0,1.36055604722,51.9508360389
0,23618.5566567,0,1.36416675722,51.9533320489
0,23618.5566567,0,1.36805599722,51.9555575689
0,23618.5566567,0,1.37222213722,51.9574945389
0,23618.5566567,0,1.37611114722,51.9599985289
0,23618.5566567,0,1.37916706722,51.9627741689
0,23618.5566567,0,1.38277807722,51.9652785789
0,23618.5566567,0,1.38638919722,51.9674996589
0,23618.5566567,0,1.39027805722,51.9700031789
0,23618.5566567,0,1.39333280722,51.9727784089
0,23618.5566567,0,1.39638888722,51.9758323189
0,23618.5566567,0,1.39944498722,51.9786163889
0,23618.5566567,0,1.40333311722,51.9811104589
0,23618.5566567,0,1.40694511722,51.9836141389
0,23618.5566567,0,1.41055571722,51.9858344489
0,23618.5566567,0,1.41361096722,51.9888923789
0,23618.5566567,0,1.41611116722,51.9922260089
0,23618.5566567,0,1.41861114722,51.9955505889
0,23618.5566567,0,1.42194378722,51.9986120189
0,23618.5566567,0,1.42500012722,52.0013864089
0,23618.5566567,0,1.42805588722,52.0044484689
0,23618.5566567,0,1.43166692722,52.0066680989
0,23618.5566567,0,1.43555608722,52.0091610889
0,23618.5566567,0,1.43916710722,52.0113894689
0,23618.5566567,0,1.44277776722,52.0138875089
0,23618.5566567,0,1.44666696722,52.0163890989
0,23618.5566567,0,1.45027804722,52.0186081489
0,23618.5566567,0,1.45333305722,52.0216695089
0,23618.5566567,0,1.45583298722,52.0250022489
0,23618.5566567,0,1.45805509722,52.0266633489
0,23618.5566567,0,1.46055596722,52.0300004789
0,23618.5566567,0,1.46361121722,52.0330570789
0,23618.5566567,0,1.46500022722,52.0374990589
0,23618.5566567,0,1.46444392722,52.0411154289
0,23618.5566567,0,1.46583299722,52.0458316489
0,23618.5566567,0,1.46833289722,52.0491641089
0,23618.5566567,0,1.47249975722,52.0511109389
0,23618.5566567,0,1.47916707722,52.0497225589
0,23618.5566567,0,1.48388878722,52.0480570289
0,23618.5566567,0,1.48916674722,52.0486148789
0,23618.5566567,0,1.49361097722,52.0505510289
0,23618.5566567,0,1.49805622722,52.0524960089
0,23618.5566567,0,1.50222201722,52.0541675089
0,23618.5566567,0,1.50583280722,52.0566635589
0,23618.5566567,0,1.51027780722,52.0586080789
0,23618.5566567,0,1.51472182722,52.0602781589
0,23618.5566567,0,1.51888901722,52.0622233389
0,23618.5566567,0,1.52333294722,52.0638885889
0,23618.5566567,0,1.52805614722,52.0652784389
0,23618.5566567,0,1.53305597722,52.0666670289
0,23618.5566567,0,1.53861097722,52.0674958389
0,23618.5566567,0,1.54472193722,52.0677782589
0,23618.5566567,0,1.55027783722,52.0683367789
0,23618.5566567,0,1.55583277722,52.0691692689
0,23618.5566567,0,1.56138884722,52.0700015089
0,23618.5566567,0,1.56611070722,52.0713897889
0,23618.5566567,0,1.57111105722,52.0727767689
0,23618.5566567,0,1.57555588722,52.0744490489
0,23618.5566567,0,1.57972174722,52.0763875289
0,23618.5566567,0,1.58277815722,52.0791712189
0,23618.5566567,0,1.58611102722,52.0822233889
0,23618.5566567,0,1.58861084722,52.0855576989
0,23618.5566567,0,1.58972201722,52.0899947989
0,23618.5566567,0,1.59027783722,52.0941689689
0,23618.5566567,0,1.59166710722,52.0986093489
0,23618.5566567,0,1.59361089722,52.1027775989
0,23618.5566567,0,1.59611102722,52.1061117389
0,23618.5566567,0,1.59805607722,52.1100011989
0,23618.5566567,0,1.59944500722,52.1147246989
0,23618.5566567,0,1.59972206722,52.1186122689
0,23618.5566567,0,1.60111098722,52.1233357489
0,23618.5566567,0,1.60249989722,52.1277759789
0,23618.5566567,0,1.60444491722,52.1316697989
0,23618.5566567,0,1.60694514722,52.1350036789
0,23618.5566567,0,1.60888882722,52.1391671489
0,23618.5566567,0,1.61027807722,52.1436072589
0,23618.5566567,0,1.61055593722,52.1477825089
0,23618.5566567,0,1.61111095722,52.1519475389
0,23618.5566567,0,1.61305572722,52.1558321989
0,23618.5566567,0,1.61500022722,52.1597213089
0,23618.5566567,0,1.61749977722,52.1633291789
0,23618.5566567,0,1.62055605722,52.1661162989
0,23618.5566567,0,1.62250009722,52.1699962789
0,23618.5566567,0,1.62500006722,52.1736129789
0,23618.5566567,0,1.62638919722,52.1780528689
0,23618.5566567,0,1.62777830722,52.1825017289
0,23618.5566567,0,1.62833301722,52.1866666389
0,23618.5566567,0,1.62861120722,52.1908328189
0,23618.5566567,0,1.62999982722,52.1952726489
0,23618.5566567,0,1.62972184722,52.1991671189
0,23618.5566567,0,1.62916682722,52.2027751489
0,23618.5566567,0,1.62888886722,52.2066651289
0,23618.5566567,0,1.62833294722,52.2102821189
0,23618.5566567,0,1.62722197722,52.2138881689
0,23618.5566567,0,1.62666687722,52.2175006789
0,23618.5566567,0,1.62555580722,52.2208324689
0,23618.5566567,0,1.62500010722,52.2247236889
0,23618.5566567,0,1.62555592722,52.2288885889
0,23618.5566567,0,1.62611092722,52.2330534789
0,23618.5566567,0,1.62722196722,52.2375035689
0,23618.5566567,0,1.62861089722,52.2419433589
0,23618.5566567,0,1.62999980722,52.2463921389
0,23618.5566567,0,1.63055589722,52.2505569989
0,23618.5566567,0,1.63166712722,52.2549980389
0,23618.5566567,0,1.63305582722,52.2594467689
0,23618.5566567,0,1.63444415722,52.2641696989
0,23618.5566567,0,1.63583413722,52.2686094089
0,23618.5566567,0,1.63777806722,52.2724980289
0,23618.5566567,0,1.63972173722,52.2763911189
0,23618.5566567,0,1.64222190722,52.2799983589
0,23618.5566567,0,1.64416673722,52.2838913889
0,23618.5566567,0,1.64722201722,52.2869429389
0,23618.5566567,0,1.65055594722,52.2897188689
0,23618.5566567,0,1.65361095722,52.2925050089
0,23618.5566567,0,1.65666700722,52.2955563289
0,23618.5566567,0,1.66055604722,52.2977763489
0,23618.5566567,0,1.66361084722,52.3008364389
0,23618.5566567,0,1.66722210722,52.3030530789
0,23618.5566567,0,1.67111118722,52.3055559589
0,23618.5566567,0,1.67361120722,52.3088927689
0,23618.5566567,0,1.67611086722,52.3124992389
0,23618.5566567,0,1.67805594722,52.3163916689
0,23618.5566567,0,1.67999977722,52.3202750489
0,23618.5566567,0,1.68249985722,52.3238903889
0,23618.5566567,0,1.68527783722,52.3272255189
0,23618.5566567,0,1.68777795722,52.3305575089
0,23618.5566567,0,1.69027800722,52.3341681689
0,23618.5566567,0,1.69222203722,52.3380603189
0,23618.5566567,0,1.69416711722,52.3419434589
0,23618.5566567,0,1.69666680722,52.3455584589
0,23618.5566567,0,1.69861121722,52.3494414989
0,23618.5566567,0,1.70055616722,52.3533335089
0,23618.5566567,0,1.70305588722,52.3569393789
0,23618.5566567,0,1.70500017722,52.3608313089
0,23618.5566567,0,1.70833301722,52.3636100189
0,23618.5566567,0,1.71083414722,52.3672246989
0,23618.5566567,0,1.71388916722,52.3700047089
0,23618.5566567,0,1.71722186722,52.3730528889
0,23618.5566567,0,1.72027814722,52.3758327489
0,23618.5566567,0,1.72388913722,52.3783352989
0,23618.5566567,0,1.72666715722,52.3816694089
0,23618.5566567,0,1.72777780722,52.3861093889
0,23618.5566567,0,1.73055584722,52.3897266089
0,23618.5566567,0,1.73305594722,52.3930575789
0,23618.5566567,0,1.73166676722,52.3963872689
0,23618.5566567,0,1.73055610722,52.3997199589
0,23618.5566567,0,1.72916699722,52.4033373189
0,23618.5566567,0,1.72888921722,52.4069441589
0,23618.5566567,0,1.73027796722,52.4113915789
0,23618.5566567,0,1.73055622722,52.4155573089
0,23618.5566567,0,1.73194505722,52.4200001989
0,23618.5566567,0,1.73333308722,52.4247217589
0,23618.5566567,0,1.73472188722,52.4291691189
0,23618.5566567,0,1.73611120722,52.4336074389
0,23618.5566567,0,1.73750010722,52.4380547489
0,23618.5566567,0,1.73944397722,52.4419460189
0,23618.5566567,0,1.74083403722,52.4466629889
0,23618.5566567,0,1.74333287722,52.4499981789
0,23618.5566567,0,1.74638928722,52.4527727989
0,23618.5566567,0,1.74944391722,52.4558350189
0,23618.5566567,0,1.75333323722,52.4580518389
0,23618.5566567,0,1.75722222722,52.4605562389
0,23618.5566567,0,1.76083401722,52.4627743889
0,23618.5566567,0,1.76472199722,52.4652785189
0,23618.5566567,0,1.76722184722,52.4686131789
0,23618.5566567,0,1.76916705722,52.4727781589
0,23618.5566567,0,1.77027786722,52.4763859889
0,23618.5566567,0,1.77075089964,52.4778077218
0,23618.5566567,0,4.57971695771,52.4736464374
0,23618.5566567,0,4.57999993371,52.4716637677
0,23618.5566567,0,1.23972218722,51.8730542089
0,23618.5566567,0,1.24444414722,51.8711105489
0,23618.5566567,0,1.24861102722,51.8730565089
0,23618.5566567,0,1.25305610722,51.8750019489
0,23618.5566567,0,1.25666710722,51.8772181189
0,23618.5566567,0,1.25916678722,51.8808384789
0,23618.5566567,0,1.25916722722,51.8836125489
0,23618.5566567,0,1.25333319722,51.8841690089
0,23618.5566567,0,1.24722187722,51.8838892689
0,23618.5566567,0,1.24249970722,51.8825014789
0,23618.5566567,0,1.23861083722,51.8802807089
0,23618.5566567,0,1.23583290722,51.8752754489
0,23618.5566567,0,1.23972218722,51.8730542089
0,23618.5566567,0,0.746944157222,51.4397206289
0,23618.5566567,0,0.746667137222,51.4355558989
0,23618.5566567,0,0.744166977222,51.4319464289
0,23618.5566567,0,0.740556057222,51.4297274489
0,23618.5566567,0,0.740277847222,51.4255536589
0,23618.5566567,0,0.740833097222,51.4216702489
0,23618.5566567,0,0.741110907222,51.4180512789
0,23618.5566567,0,0.739443967222,51.4138866789
0,23618.5566567,0,0.736944097222,51.4105513289
0,23618.5566567,0,0.735000067222,51.4083328689
0,23618.5566567,0,0.737500317222,51.4066679389
0,23618.5566567,0,0.739444167222,51.4038905389
0,23618.5566567,0,0.740832867222,51.4002749989
0,23618.5566567,0,0.743056067222,51.3974984289
0,23618.5566567,0,0.745278127222,51.3944474989
0,23618.5566567,0,0.748333227222,51.3916688489
0,23618.5566567,0,0.751944037222,51.3894403989
0,23618.5566567,0,0.754166887222,51.3863893189
0,23618.5566567,0,0.757222117222,51.3838892389
0,23618.5566567,0,0.759443877222,51.3808380389
0,23618.5566567,0,0.762500007222,51.3783333489
0,23618.5566567,0,0.766111177222,51.3758301689
0,23618.5566567,0,0.770832927222,51.3741664389
0,23618.5566567,0,0.775554807222,51.3722237189
0,23618.5566567,0,0.781110847222,51.3705529189
0,23618.5566567,0,0.787499957222,51.3694461989
0,23618.5566567,0,0.797778047222,51.3694465589
0,23618.5566567,0,0.805000157222,51.3686153589
0,23618.5566567,0,0.812222007222,51.3677747089
0,23618.5566567,0,0.819444977222,51.3669426489
0,23618.5566567,0,0.826667287222,51.3663844089
0,23618.5566567,0,0.833333117222,51.3661122189
0,23618.5566567,0,0.839999987222,51.3658351589
0,23618.5566567,0,0.847221967222,51.3649968589
0,23618.5566567,0,0.853610837222,51.3638910489
0,23618.5566567,0,0.860833177222,51.3630519189
0,23618.5566567,0,0.867221927222,51.3619453589
0,23618.5566567,0,0.873611037222,51.3608339589
0,23618.5566567,0,0.880000087222,51.3597266989
0,23618.5566567,0,0.885278207222,51.3583292489
0,23618.5566567,0,0.892500087222,51.3574971689
0,23618.5566567,0,0.899166837222,51.3572257389
0,23618.5566567,0,0.904722237222,51.3580537289
0,23618.5566567,0,0.909443897222,51.3594421189
0,23618.5566567,0,0.913611197222,51.3611127389
0,23618.5566567,0,0.917221907222,51.3636096689
0,23618.5566567,0,0.920832817222,51.3661109889
0,23618.5566567,0,0.925277897222,51.3677771089
0,23618.5566567,0,0.929444037222,51.3697214289
0,23618.5566567,0,0.936666977222,51.3688866289
0,23618.5566567,0,0.942500077222,51.3691646089
0,23618.5566567,0,0.946944107222,51.3711086689
0,23618.5566567,0,0.947777777222,51.3747250389
0,23618.5566567,0,0.947499817222,51.3786097089
0,23618.5566567,0,0.945277917222,51.3813855989
0,23618.5566567,0,0.943888847222,51.3850034489
0,23618.5566567,0,0.940832967222,51.3874948289
0,23618.5566567,0,0.938888987222,51.3905542789
0,23618.5566567,0,0.936666897222,51.3936088089
0,23618.5566567,0,0.933610997222,51.3961089889
0,23618.5566567,0,0.930555207222,51.3988878789
0,23618.5566567,0,0.926943807222,51.4011082889
0,23618.5566567,0,0.922222207222,51.4030525989
0,23618.5566567,0,0.918332897222,51.4052813189
0,23618.5566567,0,0.916111167222,51.4083309489
0,23618.5566567,0,0.913888967222,51.4113940389
0,23618.5566567,0,0.911943797222,51.4141697589
0,23618.5566567,0,0.908889077222,51.4169481089
0,23618.5566567,0,0.904166867222,51.4188916889
0,23618.5566567,0,0.898611207222,51.4202805489
0,23618.5566567,0,0.892221717222,51.4213888389
0,23618.5566567,0,0.884999877222,51.4222254689
0,23618.5566567,0,0.877777967222,51.4230571489
0,23618.5566567,0,0.870555817222,51.4238883989
0,23618.5566567,0,0.863333187222,51.4244448889
0,23618.5566567,0,0.857777907222,51.4261106089
0,23618.5566567,0,0.851389167222,51.4272211989
0,23618.5566567,0,0.844167057222,51.4280553189
0,23618.5566567,0,0.837777977222,51.4291696689
0,23618.5566567,0,0.831389027222,51.4302746689
0,23618.5566567,0,0.824999807222,51.4313883189
0,23618.5566567,0,0.818611167222,51.4325016289
0,23618.5566567,0,0.812222007222,51.4336100789
0,23618.5566567,0,0.805833217222,51.4347227089
0,23618.5566567,0,0.801388827222,51.4366673789
0,23618.5566567,0,0.796666897222,51.4386156589
0,23618.5566567,0,0.791110897222,51.4400039389
0,23618.5566567,0,0.783888937222,51.4408343689
0,23618.5566567,0,0.777777947222,51.4405612489
0,23618.5566567,0,0.771388977222,51.4416674889
0,23618.5566567,0,0.766666837222,51.4436100689
0,23618.5566567,0,0.760278097222,51.4447247189
0,23618.5566567,0,0.754167227222,51.4444413789
0,23618.5566567,0,0.748889197222,51.4436116589
0,23618.5566567,0,0.746944157222,51.4397206289
