latDMS,lonDMS,siteNum,siteName,startDate,startTime,endDate,endTime,durationDays,durationHours,interval,waterLevel,timeReference,waterReference
544000.0,0040000.0,0021Z,DDH,1988/06/16,17:15:00,1988/07/27,17:00:00,00040,23.75,15,50.2,GMT,MSL
545000.0,0032000.0,0022Z,DDH,1988/06/16,09:15:00,1988/07/23,07:30:00,00036,22.25,15,38.5,GMT,MSL
545000.0,0040000.0,0023Z,DDH,1988/06/16,05:45:00,1988/07/27,03:45:00,00040,22.00,15,50.5,GMT,MSL
545200.0,0042700.0,0024Z,DDH,1988/06/16,04:00:00,1988/07/27,23:30:00,00041,19.50,15,49.1,GMT,MSL
550000.0,0040100.0,0025Z,DDH,1988/06/16,07:00:00,1988/07/23,23:45:00,00037,16.75,15,46.5,GMT,MSL
552000.0,0031000.0,0026Z,DDH,1988/06/16,12:15:00,1988/07/27,11:30:00,00040,23.25,15,32.1,GMT,MSL
552000.0,0044000.0,0027Z,DDH,1988/06/16,20:00:00,1988/07/27,20:15:00,00041,.25,15,41.5,GMT,MSL
553800.0,0030400.0,0028Z,DDH,1988/06/16,14:00:00,1988/07/22,08:45:00,00035,18.75,15,52.3,GMT,MSL
522407.0,0042536.0,1410Z,MP_151,1991/11/26,12:00:00,1991/12/31,23:00:00,00035,11.00,60,15.4,MET,MSL
522421.0,0042455.0,1411Z,MP_161,1991/11/26,12:00:00,1991/12/31,23:00:00,00035,11.00,60,14.8,MET,MSL
522407.0,0042536.0,1412Z,MP_151,1991/01/15,18:00:00,1991/02/19,08:00:00,00034,14.00,60,15.2,MET,MSL
522421.0,0042455.0,1413Z,MP_161,1991/01/15,18:00:00,1991/02/19,08:00:00,00034,14.00,60,16.0,MET,MSL
524624.3,0043903.6,2300Z,Petten,1984/07/01,00:00:00,1984/12/31,23:00:00,00183,23.00,60,NaN,MET,NAP
533428.1,0062358.9,2301Z,Huibertgat,1984/01/01,00:00:00,1984/12/31,23:50:00,00365,23.83,10,NaN,MET,NAP
513008.2,0031045.9,2302Z,Vlakte_van_de_Raan,1984/01/01,00:00:00,1984/12/31,23:00:00,00365,23.00,60,NaN,MET,NAP
533059.6,0055734.4,2303Z,Wierumergronden,1984/01/01,00:00:00,1984/12/31,23:00:00,00365,23.00,60,NaN,MET,NAP
531035.0,0052438.3,2304Z,Harlingen,1984/01/01,00:00:00,1984/12/31,23:00:00,00365,23.00,60,NaN,MET,NAP
531937.5,0065603.8,2305Z,Delfzijl,1984/01/01,00:00:00,1984/12/31,23:00:00,00365,23.00,60,NaN,MET,NAP
515842.1,0040716.2,2306Z,Hoek_van_Holland,1984/01/01,00:00:00,1984/12/31,23:00:00,00365,23.00,60,NaN,MET,NAP
520559.4,0041553.5,2307Z,Scheveningen,1984/01/01,00:00:00,1984/12/31,23:00:00,00365,23.00,60,NaN,MET,NAP
521626.0,0041746.0,2308Z,Noordwijk_meetpost,1984/01/01,00:00:00,1984/12/31,23:50:00,00365,23.83,10,NaN,MET,NAP
522747.2,0043322.0,2309Z,IJmuiden,1984/01/01,00:00:00,1984/12/31,23:00:00,00365,23.00,60,NaN,MET,NAP
524624.3,0043903.6,2310Z,Petten,1984/01/01,00:00:00,1984/06/30,23:00:00,00181,23.00,60,NaN,MET,NAP
512635.3,0033550.5,2311Z,Vlissingen,1984/01/01,00:00:00,1984/12/31,23:00:00,00365,23.00,60,NaN,MET,NAP
513120.2,0032628.8,2312Z,Westkapelle,1984/01/01,00:00:00,1984/12/31,23:00:00,00365,23.00,60,NaN,MET,NAP
525754.4,0044446.6,2313Z,Den_Helder,1984/01/01,00:00:00,1984/12/31,23:00:00,00365,23.00,60,NaN,MET,NAP
512635.3,0033550.5,2314Z,Vlissingen,1985/01/01,00:00:00,1985/12/31,23:00:00,00364,23.00,60,NaN,MET,NAP
533059.6,0055734.4,2315Z,Wierumergronden,1985/01/01,00:00:00,1985/12/31,23:50:00,00364,23.83,10,NaN,MET,NAP
524624.3,0043903.6,2316Z,Petten,1985/01/01,00:00:00,1985/12/31,23:00:00,00364,23.00,60,NaN,MET,NAP
533428.1,0062358.9,2317Z,Huibertgat,1985/01/01,00:00:00,1985/12/31,23:50:00,00364,23.83,10,NaN,MET,NAP
513008.2,0031045.9,2318Z,Vlakte_van_de_Raan,1985/01/01,00:00:00,1985/12/31,23:00:00,00364,23.00,60,NaN,MET,NAP
531035.0,0052438.3,2319Z,Harlingen,1985/01/01,00:00:00,1985/12/31,23:00:00,00364,23.00,60,NaN,MET,NAP
531937.5,0065603.8,2320Z,Delfzijl,1985/01/01,00:00:00,1985/12/31,23:00:00,00364,23.00,60,NaN,MET,NAP
515842.1,0040716.2,2321Z,Hoek_van_Holland,1985/01/01,00:00:00,1985/12/31,23:00:00,00364,23.00,60,NaN,MET,NAP
520559.4,0041553.5,2322Z,Scheveningen,1985/01/01,00:00:00,1985/12/31,23:00:00,00364,23.00,60,NaN,MET,NAP
521626.0,0041746.0,2323Z,Noordwijk_meetpost,1985/01/01,00:00:00,1985/05/31,23:50:00,00150,23.83,10,NaN,MET,NAP
521626.0,0041746.0,2324Z,Noordwijk_meetpost,1985/09/01,00:00:00,1985/09/30,23:50:00,00029,23.83,10,NaN,MET,NAP
521626.0,0041746.0,2325Z,Noordwijk_meetpost,1985/11/01,00:00:00,1985/11/30,23:50:00,00029,23.83,10,NaN,MET,NAP
521626.0,0041746.0,2326Z,Noordwijk_meetpost,1985/12/31,22:20:00,1985/12/31,23:50:00,00000,1.50,10,NaN,MET,NAP
522747.2,0043322.0,2327Z,IJmuiden,1985/01/01,00:00:00,1985/12/31,23:00:00,00364,23.00,60,NaN,MET,NAP
513120.2,0032628.8,2328Z,Westkapelle,1985/01/01,00:00:00,1985/12/31,23:00:00,00364,23.00,60,NaN,MET,NAP
525754.4,0044446.6,2329Z,Den_Helder,1985/01/01,00:00:00,1985/12/31,23:00:00,00364,23.00,60,NaN,MET,NAP
524624.3,0043903.6,2330Z,Petten,1986/01/01,00:00:00,1986/12/31,23:50:00,00364,23.83,10,NaN,MET,NAP
533428.1,0062358.9,2331Z,Huibertgat,1986/01/01,00:00:00,1986/12/31,23:50:00,00364,23.83,10,NaN,MET,NAP
513008.2,0031045.9,2332Z,Vlakte_van_de_Raan,1986/01/01,00:00:00,1986/12/31,23:00:00,00364,23.00,60,NaN,MET,NAP
533059.6,0055734.4,2333Z,Wierumergronden,1986/01/01,00:00:00,1986/12/31,23:00:00,00364,23.00,60,NaN,MET,NAP
531035.0,0052438.3,2334Z,Harlingen,1986/01/01,00:00:00,1986/12/31,23:00:00,00364,23.00,60,NaN,MET,NAP
531937.5,0065603.8,2335Z,Delfzijl,1986/01/01,00:00:00,1986/12/31,23:00:00,00364,23.00,60,NaN,MET,NAP
515842.1,0040716.2,2336Z,Hoek_van_Holland,1986/01/01,00:00:00,1986/12/31,23:00:00,00364,23.00,60,NaN,MET,NAP
520559.4,0041553.5,2337Z,Scheveningen,1986/01/01,00:00:00,1986/12/31,23:00:00,00364,23.00,60,NaN,MET,NAP
521626.0,0041746.0,2338Z,Noordwijk_meetpost,1986/01/01,00:00:00,1986/12/31,23:50:00,00364,23.83,10,NaN,MET,NAP
522747.2,0043322.0,2339Z,IJmuiden,1986/01/01,00:00:00,1986/12/31,23:00:00,00364,23.00,60,NaN,MET,NAP
512635.3,0033550.5,2340Z,Vlissingen,1986/01/01,00:00:00,1986/12/31,23:00:00,00364,23.00,60,NaN,MET,NAP
513120.2,0032628.8,2341Z,Westkapelle,1986/01/01,00:00:00,1986/12/31,23:00:00,00364,23.00,60,NaN,MET,NAP
525754.4,0044446.6,2342Z,Den_Helder,1986/01/01,00:00:00,1986/12/31,23:00:00,00364,23.00,60,NaN,MET,NAP
525754.4,0044446.6,2343Z,Den_Helder,1987/01/01,00:00:00,1987/12/31,23:50:00,00364,23.83,10,NaN,MET,NAP
533059.6,0055734.4,2344Z,Wierumergronden,1987/01/01,00:00:00,1987/12/31,23:50:00,00364,23.83,10,NaN,MET,NAP
531035.0,0052438.3,2345Z,Harlingen,1987/01/01,00:00:00,1987/12/31,23:50:00,00364,23.83,10,NaN,MET,NAP
531937.5,0065603.8,2346Z,Delfzijl,1987/01/01,00:00:00,1987/12/31,23:50:00,00364,23.83,10,NaN,MET,NAP
515842.1,0040716.2,2347Z,Hoek_van_Holland,1987/01/01,00:00:00,1987/12/31,23:50:00,00364,23.83,10,NaN,MET,NAP
520559.4,0041553.5,2348Z,Scheveningen,1987/01/01,00:00:00,1987/12/31,23:50:00,00364,23.83,10,NaN,MET,NAP
524624.3,0043903.6,2349Z,Petten,1987/01/01,00:00:00,1987/12/31,23:50:00,00364,23.83,10,NaN,MET,NAP
533428.1,0062358.9,2350Z,Huibertgat,1987/01/01,00:00:00,1987/12/31,23:50:00,00364,23.83,10,NaN,MET,NAP
513008.2,0031045.9,2351Z,Vlakte_van_de_Raan,1987/01/01,00:00:00,1987/12/31,23:00:00,00364,23.00,60,NaN,MET,NAP
513120.2,0032628.8,2352Z,Westkapelle,1987/01/01,00:00:00,1987/12/31,23:50:00,00364,23.83,10,NaN,MET,NAP
512635.3,0033550.5,2353Z,Vlissingen,1987/01/01,00:00:00,1987/12/31,23:50:00,00364,23.83,10,NaN,MET,NAP
521626.0,0041746.0,2354Z,Noordwijk_meetpost,1987/01/01,00:00:00,1987/12/31,23:50:00,00364,23.83,10,NaN,MET,NAP
522747.2,0043322.0,2355Z,IJmuiden,1987/01/01,00:00:00,1987/12/31,23:00:00,00364,23.00,60,NaN,MET,NAP
525754.4,0044446.6,2356Z,Den_Helder,1988/01/01,00:00:00,1988/12/31,23:50:00,00365,23.83,10,NaN,MET,NAP
533059.6,0055734.4,2357Z,Wierumergronden,1988/01/01,00:00:00,1988/12/31,23:50:00,00365,23.83,10,NaN,MET,NAP
533428.1,0062358.9,2358Z,Huibertgat,1988/01/01,00:00:00,1988/12/31,23:50:00,00365,23.83,10,NaN,MET,NAP
531035.0,0052438.3,2359Z,Harlingen,1988/01/01,00:00:00,1988/12/31,23:50:00,00365,23.83,10,NaN,MET,NAP
531937.5,0065603.8,2360Z,Delfzijl,1988/01/01,00:00:00,1988/12/31,23:50:00,00365,23.83,10,NaN,MET,NAP
515842.1,0040716.2,2361Z,Hoek_van_Holland,1988/01/01,00:00:00,1988/12/31,23:50:00,00365,23.83,10,NaN,MET,NAP
520559.4,0041553.5,2362Z,Scheveningen,1988/01/01,00:00:00,1988/12/31,23:50:00,00365,23.83,10,NaN,MET,NAP
522747.2,0043322.0,2363Z,IJmuiden,1988/01/01,00:00:00,1988/12/31,23:50:00,00365,23.83,10,NaN,MET,NAP
524624.3,0043903.6,2364Z,Petten,1988/01/01,00:00:00,1988/12/31,23:50:00,00365,23.83,10,NaN,MET,NAP
513008.2,0031045.9,2365Z,Vlakte_van_de_Raan,1988/01/01,00:00:00,1988/12/31,23:00:00,00365,23.00,60,NaN,MET,NAP
513120.2,0032628.8,2366Z,Westkapelle,1988/01/01,00:00:00,1988/12/31,23:50:00,00365,23.83,10,NaN,MET,NAP
512635.3,0033550.5,2367Z,Vlissingen,1988/01/01,00:00:00,1988/12/31,23:50:00,00365,23.83,10,NaN,MET,NAP
521626.0,0041746.0,2368Z,Noordwijk_meetpost,1988/01/01,00:00:00,1988/12/31,23:50:00,00365,23.83,10,NaN,MET,NAP
525754.4,0044446.6,2369Z,Den_Helder,1989/01/01,00:00:00,1989/12/31,23:50:00,00364,23.83,10,NaN,MET,NAP
532635.6,0052003.6,2370Z,Terschelling_Noordzee,1989/03/01,00:00:00,1989/12/31,23:50:00,00305,23.83,10,NaN,MET,NAP
533059.6,0055734.4,2371Z,Wierumergronden,1989/01/01,00:00:00,1989/12/31,23:50:00,00364,23.83,10,NaN,MET,NAP
533428.1,0062358.9,2372Z,Huibertgat,1989/01/01,00:00:00,1989/12/31,23:50:00,00364,23.83,10,NaN,MET,NAP
531035.0,0052438.3,2373Z,Harlingen,1989/01/01,00:00:00,1989/12/31,23:50:00,00364,23.83,10,NaN,MET,NAP
531937.5,0065603.8,2374Z,Delfzijl,1989/01/01,00:00:00,1989/12/31,23:50:00,00364,23.83,10,NaN,MET,NAP
515842.1,0040716.2,2375Z,Hoek_van_Holland,1989/01/01,00:00:00,1989/12/31,23:50:00,00364,23.83,10,NaN,MET,NAP
520559.4,0041553.5,2376Z,Scheveningen,1989/01/01,00:00:00,1989/12/31,23:50:00,00364,23.83,10,NaN,MET,NAP
522747.2,0043322.0,2377Z,IJmuiden,1989/01/01,00:00:00,1989/12/31,23:50:00,00364,23.83,10,NaN,MET,NAP
524624.3,0043903.6,2378Z,Petten,1989/01/01,00:00:00,1989/12/31,23:50:00,00364,23.83,10,NaN,MET,NAP
530716.9,0044404.2,2379Z,Texel_Noordzee,1989/06/01,00:00:00,1989/12/31,23:50:00,00213,23.83,10,NaN,MET,NAP
513008.2,0031045.9,2380Z,Vlakte_van_de_Raan,1989/01/01,00:00:00,1989/12/31,23:00:00,00364,23.00,60,NaN,MET,NAP
513120.2,0032628.8,2381Z,Westkapelle,1989/01/01,00:00:00,1989/12/31,23:50:00,00364,23.83,10,NaN,MET,NAP
512635.3,0033550.5,2382Z,Vlissingen,1989/01/01,00:00:00,1989/12/31,23:50:00,00364,23.83,10,NaN,MET,NAP
521626.0,0041746.0,2383Z,Noordwijk_meetpost,1989/01/01,00:00:00,1989/12/31,23:50:00,00364,23.83,10,NaN,MET,NAP
525754.4,0044446.6,2384Z,Den_Helder,1990/01/01,00:00:00,1990/12/31,23:50:00,00364,23.83,10,NaN,MET,NAP
532635.6,0052003.6,2385Z,Terschelling_Noordzee,1990/01/01,00:00:00,1990/12/31,23:50:00,00364,23.83,10,NaN,MET,NAP
533059.6,0055734.4,2386Z,Wierumergronden,1990/01/01,00:00:00,1990/12/31,23:50:00,00364,23.83,10,NaN,MET,NAP
533428.1,0062358.9,2387Z,Huibertgat,1990/01/01,00:00:00,1990/12/31,23:50:00,00364,23.83,10,NaN,MET,NAP
531035.0,0052438.3,2388Z,Harlingen,1990/01/01,00:00:00,1990/12/31,23:50:00,00364,23.83,10,NaN,MET,NAP
531937.5,0065603.8,2389Z,Delfzijl,1990/01/01,00:00:00,1990/12/31,23:50:00,00364,23.83,10,NaN,MET,NAP
515842.1,0040716.2,2390Z,Hoek_van_Holland,1990/01/01,00:00:00,1990/12/31,23:50:00,00364,23.83,10,NaN,MET,NAP
520559.4,0041553.5,2391Z,Scheveningen,1990/01/01,00:00:00,1990/12/31,23:50:00,00364,23.83,10,NaN,MET,NAP
522747.2,0043322.0,2392Z,IJmuiden,1990/01/01,00:00:00,1990/12/31,23:50:00,00364,23.83,10,NaN,MET,NAP
524624.3,0043903.6,2393Z,Petten,1990/01/01,00:00:00,1990/12/31,23:50:00,00364,23.83,10,NaN,MET,NAP
530716.9,0044404.2,2394Z,Texel_Noordzee,1990/01/01,00:00:00,1990/12/31,23:50:00,00364,23.83,10,NaN,MET,NAP
513120.2,0032628.8,2395Z,Westkapelle,1990/01/01,00:00:00,1990/12/31,23:50:00,00364,23.83,10,NaN,MET,NAP
512635.3,0033550.5,2396Z,Vlissingen,1990/01/01,00:00:00,1990/12/31,23:50:00,00364,23.83,10,NaN,MET,NAP
521626.0,0041746.0,2397Z,Noordwijk_meetpost,1990/01/01,00:00:00,1990/12/31,23:50:00,00364,23.83,10,NaN,MET,NAP
525754.4,0044446.6,2398Z,Den_Helder,1991/01/01,00:00:00,1991/12/31,23:50:00,00364,23.83,10,NaN,MET,NAP
532635.6,0052003.6,2399Z,Terschelling_Noordzee,1991/01/01,00:00:00,1991/12/31,23:50:00,00364,23.83,10,NaN,MET,NAP
533059.6,0055734.4,2400Z,Wierumergronden,1991/01/01,00:00:00,1991/12/31,23:50:00,00364,23.83,10,NaN,MET,NAP
533428.1,0062358.9,2401Z,Huibertgat,1991/01/01,00:00:00,1991/12/31,23:50:00,00364,23.83,10,NaN,MET,NAP
531035.0,0052438.3,2402Z,Harlingen,1991/01/01,00:00:00,1991/12/31,23:50:00,00364,23.83,10,NaN,MET,NAP
531937.5,0065603.8,2403Z,Delfzijl,1991/01/01,00:00:00,1991/12/31,23:50:00,00364,23.83,10,NaN,MET,NAP
515842.1,0040716.2,2404Z,Hoek_van_Holland,1991/01/01,00:00:00,1991/12/31,23:50:00,00364,23.83,10,NaN,MET,NAP
520559.4,0041553.5,2405Z,Scheveningen,1991/01/01,00:00:00,1991/12/31,23:50:00,00364,23.83,10,NaN,MET,NAP
522747.2,0043322.0,2406Z,IJmuiden,1991/01/01,00:00:00,1991/12/31,23:50:00,00364,23.83,10,NaN,MET,NAP
524624.3,0043903.6,2407Z,Petten,1991/01/01,00:00:00,1991/12/31,23:50:00,00364,23.83,10,NaN,MET,NAP
530716.9,0044404.2,2408Z,Texel_Noordzee,1991/01/01,00:00:00,1991/12/31,23:50:00,00364,23.83,10,NaN,MET,NAP
513008.2,0031045.9,2409Z,Vlakte_van_de_Raan,1991/01/01,00:00:00,1991/12/31,23:00:00,00364,23.00,60,NaN,MET,NAP
513120.2,0032628.8,2410Z,Westkapelle,1991/01/01,00:00:00,1991/12/31,23:50:00,00364,23.83,10,NaN,MET,NAP
512635.3,0033550.5,2411Z,Vlissingen,1991/01/01,00:00:00,1991/12/31,23:50:00,00364,23.83,10,NaN,MET,NAP
521626.0,0041746.0,2412Z,Noordwijk_meetpost,1991/01/01,00:00:00,1991/12/31,23:50:00,00364,23.83,10,NaN,MET,NAP
525754.4,0044446.6,2413Z,Den_Helder,1992/01/01,00:00:00,1992/12/31,23:50:00,00365,23.83,10,NaN,MET,NAP
532635.6,0052003.6,2414Z,Terschelling_Noordzee,1992/01/01,00:00:00,1992/12/31,23:50:00,00365,23.83,10,NaN,MET,NAP
533059.6,0055734.4,2415Z,Wierumergronden,1992/01/01,00:00:00,1992/12/31,23:50:00,00365,23.83,10,NaN,MET,NAP
533428.1,0062358.9,2416Z,Huibertgat,1992/01/01,00:00:00,1992/12/31,23:50:00,00365,23.83,10,NaN,MET,NAP
531035.0,0052438.3,2417Z,Harlingen,1992/01/01,00:00:00,1992/12/31,23:50:00,00365,23.83,10,NaN,MET,NAP
531937.5,0065603.8,2418Z,Delfzijl,1992/01/01,00:00:00,1992/12/31,23:50:00,00365,23.83,10,NaN,MET,NAP
515842.1,0040716.2,2419Z,Hoek_van_Holland,1992/01/01,00:00:00,1992/12/31,23:50:00,00365,23.83,10,NaN,MET,NAP
520559.4,0041553.5,2420Z,Scheveningen,1992/01/01,00:00:00,1992/12/31,23:50:00,00365,23.83,10,NaN,MET,NAP
522747.2,0043322.0,2421Z,IJmuiden,1992/01/01,00:00:00,1992/12/31,23:50:00,00365,23.83,10,NaN,MET,NAP
524624.3,0043903.6,2422Z,Petten,1992/01/01,00:00:00,1992/12/31,23:50:00,00365,23.83,10,NaN,MET,NAP
530716.9,0044404.2,2423Z,Texel_Noordzee,1992/01/01,00:00:00,1992/12/31,23:50:00,00365,23.83,10,NaN,MET,NAP
513008.2,0031045.9,2424Z,Vlakte_van_de_Raan,1992/12/15,00:10:00,1992/12/31,23:50:00,00016,23.66,10,NaN,MET,NAP
513120.2,0032628.8,2425Z,Westkapelle,1992/01/01,00:00:00,1992/12/31,23:50:00,00365,23.83,10,NaN,MET,NAP
512635.3,0033550.5,2426Z,Vlissingen,1992/01/01,00:00:00,1992/12/31,23:50:00,00365,23.83,10,NaN,MET,NAP
521626.0,0041746.0,2427Z,Noordwijk_meetpost,1992/01/01,00:00:00,1992/12/31,23:50:00,00365,23.83,10,NaN,MET,NAP
525754.4,0044446.6,2428Z,Den_Helder,1993/01/01,00:00:00,1993/09/06,23:50:00,00248,23.83,10,NaN,MET,NAP
525754.4,0044446.6,2429Z,Den_Helder,1993/09/07,00:00:00,1993/12/31,23:50:00,00115,23.83,10,NaN,MET,NAP
532635.6,0052003.6,2430Z,Terschelling_Noordzee,1993/01/01,00:00:00,1993/09/06,23:50:00,00248,23.83,10,NaN,MET,NAP
532635.6,0052003.6,2431Z,Terschelling_Noordzee,1993/09/07,00:00:00,1993/12/31,23:50:00,00115,23.83,10,NaN,MET,NAP
533059.6,0055734.4,2432Z,Wierumergronden,1993/01/01,00:00:00,1993/09/06,23:50:00,00248,23.83,10,NaN,MET,NAP
533059.6,0055734.4,2433Z,Wierumergronden,1993/09/07,00:00:00,1993/12/31,23:50:00,00115,23.83,10,NaN,MET,NAP
533428.1,0062358.9,2434Z,Huibertgat,1993/01/01,00:00:00,1993/09/06,23:50:00,00248,23.83,10,NaN,MET,NAP
533428.1,0062358.9,2435Z,Huibertgat,1993/09/07,00:00:00,1993/12/31,23:50:00,00115,23.83,10,NaN,MET,NAP
531035.0,0052438.3,2436Z,Harlingen,1993/01/01,00:00:00,1993/09/06,23:50:00,00248,23.83,10,NaN,MET,NAP
531035.0,0052438.3,2437Z,Harlingen,1993/09/07,00:00:00,1993/12/31,23:50:00,00115,23.83,10,NaN,MET,NAP
531937.5,0065603.8,2438Z,Delfzijl,1993/01/01,00:00:00,1993/09/06,23:50:00,00248,23.83,10,NaN,MET,NAP
531937.5,0065603.8,2439Z,Delfzijl,1993/09/07,00:00:00,1993/12/31,23:50:00,00115,23.83,10,NaN,MET,NAP
515842.1,0040716.2,2440Z,Hoek_van_Holland,1993/09/07,00:00:00,1993/12/31,23:50:00,00115,23.83,10,NaN,MET,NAP
520559.4,0041553.5,2441Z,Scheveningen,1993/09/07,00:00:00,1993/12/31,23:50:00,00115,23.83,10,NaN,MET,NAP
522747.2,0043322.0,2442Z,IJmuiden,1993/09/07,00:00:00,1993/12/31,23:50:00,00115,23.83,10,NaN,MET,NAP
524624.3,0043903.6,2443Z,Petten,1993/09/07,00:00:00,1993/12/31,23:50:00,00115,23.83,10,NaN,MET,NAP
515842.1,0040716.2,2444Z,Hoek_van_Holland,1993/01/01,00:00:00,1993/09/06,23:50:00,00248,23.83,10,NaN,MET,NAP
520559.4,0041553.5,2445Z,Scheveningen,1993/01/01,00:00:00,1993/09/06,23:50:00,00248,23.83,10,NaN,MET,NAP
522747.2,0043322.0,2446Z,IJmuiden,1993/01/01,00:00:00,1993/09/06,23:50:00,00248,23.83,10,NaN,MET,NAP
524624.3,0043903.6,2447Z,Petten,1993/01/01,00:00:00,1993/09/06,23:50:00,00248,23.83,10,NaN,MET,NAP
530716.9,0044404.2,2448Z,Texel_Noordzee,1993/01/01,00:00:00,1993/09/06,23:50:00,00248,23.83,10,NaN,MET,NAP
530716.9,0044404.2,2449Z,Texel_Noordzee,1993/09/07,00:00:00,1993/12/31,23:50:00,00115,23.83,10,NaN,MET,NAP
513008.2,0031045.9,2450Z,Vlakte_van_de_Raan,1993/01/01,00:00:00,1993/12/31,23:50:00,00364,23.83,10,NaN,MET,NAP
513120.2,0032628.8,2451Z,Westkapelle,1993/01/01,00:00:00,1993/09/06,23:50:00,00248,23.83,10,NaN,MET,NAP
512635.3,0033550.5,2452Z,Vlissingen,1993/01/01,00:00:00,1993/09/06,23:50:00,00248,23.83,10,NaN,MET,NAP
513120.2,0032628.8,2453Z,Westkapelle,1993/09/07,00:00:00,1993/12/31,23:50:00,00115,23.83,10,NaN,MET,NAP
512635.3,0033550.5,2454Z,Vlissingen,1993/09/07,00:00:00,1993/12/31,23:50:00,00115,23.83,10,NaN,MET,NAP
521626.0,0041746.0,2455Z,Noordwijk_meetpost,1993/01/01,00:00:00,1993/09/30,23:50:00,00272,23.83,10,NaN,MET,NAP
521626.0,0041746.0,2456Z,Noordwijk_meetpost,1993/10/01,00:00:00,1993/12/31,23:50:00,00091,23.83,10,NaN,MET,NAP
515533.0,0034011.0,2457Z,Lichteiland_Goeree,1984/01/01,00:00:00,1984/12/31,23:00:00,00365,23.00,60,NaN,MET,MSL
515955.0,0031635.0,2458Z,Euro_platform,1984/01/01,00:00:00,1984/12/31,23:00:00,00365,23.00,60,NaN,MET,MSL
531304.0,0031313.0,2459Z,K13a_platform,1984/01/01,00:00:00,1984/12/31,23:00:00,00365,23.00,60,NaN,MET,MSL
515533.0,0034011.0,2460Z,Lichteiland_Goeree,1985/01/01,00:00:00,1985/12/31,23:00:00,00364,23.00,60,NaN,MET,MSL
515955.0,0031635.0,2461Z,Euro_platform,1985/01/01,00:00:00,1985/12/31,23:00:00,00364,23.00,60,NaN,MET,MSL
531304.0,0031313.0,2462Z,K13a_platform,1985/01/01,00:00:00,1985/12/31,23:00:00,00364,23.00,60,NaN,MET,MSL
515533.0,0034011.0,2463Z,Lichteiland_Goeree,1986/01/01,00:00:00,1986/12/31,23:50:00,00364,23.83,10,NaN,MET,MSL
515955.0,0031635.0,2464Z,Euro_platform,1986/01/01,00:00:00,1986/12/31,23:50:00,00364,23.83,10,NaN,MET,MSL
515533.0,0034011.0,2465Z,Lichteiland_Goeree,1987/01/01,00:00:00,1987/12/31,23:50:00,00364,23.83,10,NaN,MET,MSL
515955.0,0031635.0,2466Z,Euro_platform,1987/03/15,00:00:00,1987/12/31,23:50:00,00291,23.83,10,NaN,MET,MSL
531304.0,0031313.0,2467Z,K13a_platform,1987/01/01,00:00:00,1987/12/31,23:50:00,00364,23.83,10,NaN,MET,MSL
515955.0,0031635.0,2468Z,Euro_platform,1987/01/01,00:00:00,1987/03/14,23:50:00,00072,23.83,10,NaN,MET,MSL
515533.0,0034011.0,2469Z,Lichteiland_Goeree,1988/01/01,00:00:00,1988/12/31,23:50:00,00365,23.83,10,NaN,MET,MSL
515955.0,0031635.0,2470Z,Euro_platform,1988/01/01,00:00:00,1988/12/31,23:50:00,00365,23.83,10,NaN,MET,MSL
531304.0,0031313.0,2471Z,K13a_platform,1988/01/01,00:00:00,1988/12/31,23:50:00,00365,23.83,10,NaN,MET,MSL
515533.0,0034011.0,2472Z,Lichteiland_Goeree,1989/01/01,00:00:00,1989/12/31,23:50:00,00364,23.83,10,NaN,MET,MSL
515955.0,0031635.0,2473Z,Euro_platform,1989/01/01,00:00:00,1989/12/31,23:50:00,00364,23.83,10,NaN,MET,MSL
531304.0,0031313.0,2474Z,K13a_platform,1989/01/01,00:00:00,1989/12/31,23:50:00,00364,23.83,10,NaN,MET,MSL
515533.0,0034011.0,2475Z,Lichteiland_Goeree,1990/01/01,00:00:00,1990/12/31,23:50:00,00364,23.83,10,NaN,MET,MSL
515955.0,0031635.0,2476Z,Euro_platform,1990/01/01,00:00:00,1990/12/31,23:50:00,00364,23.83,10,NaN,MET,MSL
531304.0,0031313.0,2477Z,K13a_platform,1990/01/01,00:00:00,1990/12/31,23:50:00,00364,23.83,10,NaN,MET,MSL
515533.0,0034011.0,2478Z,Lichteiland_Goeree,1991/01/01,00:00:00,1991/12/31,23:50:00,00364,23.83,10,NaN,MET,MSL
515955.0,0031635.0,2479Z,Euro_platform,1991/01/01,00:00:00,1991/12/31,23:50:00,00364,23.83,10,NaN,MET,MSL
531304.0,0031313.0,2480Z,K13a_platform,1991/01/01,00:00:00,1991/12/31,23:50:00,00364,23.83,10,NaN,MET,MSL
515533.0,0034011.0,2481Z,Lichteiland_Goeree,1992/01/01,00:00:00,1992/12/31,23:50:00,00365,23.83,10,NaN,MET,MSL
515955.0,0031635.0,2482Z,Euro_platform,1992/01/01,00:00:00,1992/12/31,23:50:00,00365,23.83,10,NaN,MET,MSL
531304.0,0031313.0,2483Z,K13a_platform,1992/01/01,00:00:00,1992/12/31,23:50:00,00365,23.83,10,NaN,MET,MSL
515533.0,0034011.0,2484Z,Lichteiland_Goeree,1993/01/01,00:00:00,1993/12/31,23:50:00,00364,23.83,10,NaN,MET,MSL
515955.0,0031635.0,2485Z,Euro_platform,1993/01/01,00:00:00,1993/12/31,23:50:00,00364,23.83,10,NaN,MET,MSL
531304.0,0031313.0,2486Z,K13a_platform,1993/01/01,00:00:00,1993/12/31,23:50:00,00364,23.83,10,NaN,MET,MSL
